,Brand,Specs,Price
0,"REDMI 9i Sport (Coral Green, 64 GB)","4 GB RAM | 64 GB ROM | Expandable Upto 512 GB
16.59 cm (6.53 inch) HD+ Display
13MP Rear Camera | 5MP Front Camera
5000 mAh Li-Polymer Battery
MediaTek Helio G25 Processor
Brand Warranty of 1 Year Available for Mobile and 6 Months for Accessories","₹8,999"
1,"REDMI 9i Sport (Metallic Blue, 64 GB)","4 GB RAM | 64 GB ROM | Expandable Upto 512 GB
16.59 cm (6.53 inch) HD+ Display
13MP Rear Camera | 5MP Front Camera
5000 mAh Li-Polymer Battery
MediaTek Helio G25 Processor
Brand Warranty of 1 Year Available for Mobile and 6 Months for Accessories","₹8,999"
2,"realme Narzo 50A (Oxygen Green, 64 GB)","4 GB RAM | 64 GB ROM | Expandable Upto 256 GB
16.51 cm (6.5 inch) HD+ Display
50MP + 2MP + 2MP | 8MP Front Camera
6000 mAh Battery
MediaTek Helio G85 Processor
1 Year Warranty for Mobile and 6 Months for Accessories","₹11,549"
3,WIZPHONE W5 AIR,"32 MB RAM | 32 MB ROM
4.57 cm (1.8 inch) Display
1.2MP Rear Camera
2500 mAh Battery
6 Months Warranty","₹1,049"
4,"realme Narzo 50A (Oxygen Blue, 64 GB)","4 GB RAM | 64 GB ROM | Expandable Upto 256 GB
16.51 cm (6.5 inch) HD+ Display
50MP + 2MP + 2MP | 8MP Front Camera
6000 mAh Battery
MediaTek Helio G85 Processor
1 Year Warranty for Mobile and 6 Months for Accessories","₹11,549"
5,"REDMI 9i Sport (Carbon Black, 64 GB)","4 GB RAM | 64 GB ROM | Expandable Upto 512 GB
16.59 cm (6.53 inch) HD+ Display
13MP Rear Camera | 5MP Front Camera
5000 mAh Li-Polymer Battery
MediaTek Helio G25 Processor
Brand Warranty of 1 Year Available for Mobile and 6 Months for Accessories","₹8,999"
6,"realme Narzo 50A (Oxygen Blue, 128 GB)","4 GB RAM | 128 GB ROM | Expandable Upto 256 GB
16.51 cm (6.5 inch) HD+ Display
50MP + 2MP + 2MP | 8MP Front Camera
6000 mAh Battery
MediaTek Helio G85 Processor
1 Year Warranty for Mobile and 6 Months for Accessories","₹12,499"
7,"IAIR Basic Feature Dual Sim Mobile Phone with 2800mAh Battery, 1.77 inch Display Screen, 0.8 mp Camera...","32 MB RAM | 32 MB ROM | Expandable Upto 32 GB
4.5 cm (1.77 inch) Display
0.8MP + 0.8MP
2800 mAh Battery
1 Year manufacturer warranty for device and 6 months manufacturer warranty for in-box accessories including batteries from the date of purchase",₹999
8,"realme 8i (Space Purple, 64 GB)","4 GB RAM | 64 GB ROM | Expandable Upto 256 GB
16.76 cm (6.6 inch) Full HD+ Display
50MP + 2MP + 2MP | 16MP Front Camera
5000 mAh Battery
MediaTek Helio G96 Processor
1 Year Warranty for Mobile and 6 Months for Accessories","₹13,999"
9,"realme 8i (Space Black, 64 GB)","4 GB RAM | 64 GB ROM | Expandable Upto 256 GB
16.76 cm (6.6 inch) Full HD+ Display
50MP + 2MP + 2MP | 16MP Front Camera
5000 mAh Battery
MediaTek Helio G96 Processor
1 Year Warranty for Mobile and 6 Months for Accessories","₹13,999"
10,"POCO C31 (Shadow Gray, 64 GB)","4 GB RAM | 64 GB ROM | Expandable Upto 512 GB
16.59 cm (6.53 inch) HD+ Display
13MP + 2MP + 2MP | 5MP Front Camera
5000 mAh Lithium-ion Polymer Battery
MediaTek Helio G35 Processor
1 Year Warranty for Handset, 6 Months for Accessories","₹9,499"
11,IAIR S19,"32 MB RAM | 32 MB ROM
6.1 cm (2.4 inch) NA Display
0.8MP Rear Camera
2800 mAh Battery
1 Year manufacturer warranty for device and 6 months manufacturer warranty for in-box accessories including batteries from the date of purchase","₹1,299"
12,"realme 8i (Space Black, 128 GB)","6 GB RAM | 128 GB ROM | Expandable Upto 256 GB
16.76 cm (6.6 inch) Full HD+ Display
50MP + 2MP + 2MP | 16MP Front Camera
5000 mAh Battery
MediaTek Helio G96 Processor
1 Year Warranty for Mobile and 6 Months for Accessories","₹15,999"
13,"realme 8i (Space Purple, 128 GB)","6 GB RAM | 128 GB ROM | Expandable Upto 256 GB
16.76 cm (6.6 inch) Full HD+ Display
50MP + 2MP + 2MP | 16MP Front Camera
5000 mAh Battery
MediaTek Helio G96 Processor
1 Year Warranty for Mobile and 6 Months for Accessories","₹15,999"
14,"realme C21Y (Cross Black, 64 GB)","4 GB RAM | 64 GB ROM | Expandable Upto 256 GB
16.51 cm (6.5 inch) HD+ Display
13MP + 2MP + 2MP | 5MP Front Camera
5000 mAh Battery
Unisoc T610 Processor
1 Year Warranty for Mobile and 6 Months for Accessories","₹10,499"
15,"IAIR Basic Feature Dual Sim Mobile Phone with 2800mAh Battery, 2.4 inch Display Screen, 0.8 mp Camera ...","32 MB RAM | 32 MB ROM | Expandable Upto 32 GB
6.1 cm (2.4 inch) Display
0.8MP + 0.8MP
2800 mAh Battery
1 Year manufacturer warranty for device and 6 months manufacturer warranty for in-box accessories including batteries from the date of purchase","₹1,289"
16,"realme C21Y (Cross Blue, 64 GB)","4 GB RAM | 64 GB ROM | Expandable Upto 256 GB
16.51 cm (6.5 inch) HD+ Display
13MP + 2MP + 2MP | 5MP Front Camera
5000 mAh Battery
Unisoc T610 Processor
1 Year Warranty for Mobile and 6 Months for Accessories","₹10,499"
17,"realme C21Y (Cross Black, 32 GB)","3 GB RAM | 32 GB ROM | Expandable Upto 256 GB
16.51 cm (6.5 inch) HD+ Display
13MP + 2MP + 2MP | 5MP Front Camera
5000 mAh Battery
Unisoc T610 Processor
1 Year Warranty for Mobile and 6 Months for Accessories","₹9,499"
18,"realme C21Y (Cross Blue, 32 GB)","3 GB RAM | 32 GB ROM | Expandable Upto 256 GB
16.51 cm (6.5 inch) HD+ Display
13MP + 2MP + 2MP | 5MP Front Camera
5000 mAh Battery
Unisoc T610 Processor
1 Year Warranty for Mobile and 6 Months for Accessories","₹9,499"
19,I Kall K-60,"32 MB RAM | 64 MB ROM
6.1 cm (2.4 inch) Display
0.3MP Rear Camera
1500 mAh Battery
1 Year Manufacturer warranty","₹1,649"
20,"APPLE iPhone SE (Black, 128 GB)","128 GB ROM
11.94 cm (4.7 inch) Retina HD Display
12MP Rear Camera | 7MP Front Camera
A13 Bionic Chip with 3rd Gen Neural Engine Processor
Water and Dust Resistant (1 meter for Upto 30 minutes, IP67)
Fast Charge Capable
Wireless charging (Works with Qi Chargers | Qi Chargers are Sold Separately
Brand Warranty of 1 Year","₹35,099"
21,"POCO C31 (Royal Blue, 32 GB)","3 GB RAM | 32 GB ROM | Expandable Upto 512 GB
16.59 cm (6.53 inch) HD+ Display
13MP + 2MP + 2MP | 5MP Front Camera
5000 mAh Lithium-ion Polymer Battery
MediaTek Helio G35 Processor
1 Year Warranty for Handset, 6 Months for Accessories","₹8,499"
22,"APPLE iPhone SE (White, 128 GB)","128 GB ROM
11.94 cm (4.7 inch) Retina HD Display
12MP Rear Camera | 7MP Front Camera
A13 Bionic Chip with 3rd Gen Neural Engine Processor
Water and Dust Resistant (1 meter for Upto 30 minutes, IP67)
Fast Charge Capable
Wireless charging (Works with Qi Chargers | Qi Chargers are Sold Separately
Brand Warranty of 1 Year","₹35,099"
23,"IAIR Basic Feature Dual Sim Mobile Phone with 2800mAh Battery, 2.8 inch Display Screen, 0.8 mp Camera ...","0 MB ROM | Expandable Upto 32 GB
7.11 cm (2.8 inch) Display
0.8MP Rear Camera
2800 mAh Battery
1 Year Brand Replacement Warranty","₹1,219"
24,"realme C11 2021 (Cool Grey, 32 GB)","2 GB RAM | 32 GB ROM | Expandable Upto 256 GB
16.51 cm (6.5 inch) HD+ Display
8MP Rear Camera | 5MP Front Camera
5000 mAh Battery
Octa-core Processor
1 Year Warranty for Mobile and 6 Months for Accessories","₹7,499"
25,"realme C11 2021 (Cool Blue, 32 GB)","2 GB RAM | 32 GB ROM | Expandable Upto 256 GB
16.51 cm (6.5 inch) HD+ Display
8MP Rear Camera | 5MP Front Camera
5000 mAh Battery
Octa-core Processor
1 Year Warranty for Mobile and 6 Months for Accessories","₹7,499"
26,"realme C11 2021 (Cool Blue, 64 GB)","4 GB RAM | 64 GB ROM | Expandable Upto 256 GB
16.51 cm (6.5 inch) HD+ Display
8MP Rear Camera | 5MP Front Camera
5000 mAh Battery
Octa-core Processor
1 Year Warranty for Mobile and 6 Months for Accessories","₹8,999"
27,"IAIR Basic Feature Dual Sim Mobile Phone with 2800mAh Battery, 1.77 inch Display Screen, 0.8 mp Camera...","32 MB RAM | 32 MB ROM | Expandable Upto 32 GB
4.5 cm (1.77 inch) Display
0.8MP + 0.8MP
2800 mAh Battery
1 Year manufacturer warranty for device and 6 months manufacturer warranty for in-box accessories including batteries from the date of purchase",₹999
28,"POCO C31 (Shadow Gray, 32 GB)","3 GB RAM | 32 GB ROM | Expandable Upto 512 GB
16.59 cm (6.53 inch) HD+ Display
13MP + 2MP + 2MP | 5MP Front Camera
5000 mAh Lithium-ion Polymer Battery
MediaTek Helio G35 Processor
1 Year Warranty for Handset, 6 Months for Accessories","₹8,499"
29,"realme 9i (Prism Blue, 64 GB)","4 GB RAM | 64 GB ROM | Expandable Upto 1 TB
16.76 cm (6.6 inch) Full HD+ Display
50MP + 2MP + 2MP | 16MP Front Camera
5000 mAh Lithium ion Battery
Qualcomm Snapdragon 680 (SM6225) Processor
1 Year Manufacturer Warranty for Phone and 6 Months Warranty for in the Box Accessories","₹13,999"
30,"realme 9i (Prism Black, 128 GB)","6 GB RAM | 128 GB ROM | Expandable Upto 1 TB
16.76 cm (6.6 inch) Full HD+ Display
50MP + 2MP + 2MP | 16MP Front Camera
5000 mAh Lithium ion Battery
Qualcomm Snapdragon 680 (SM6225) Processor
1 Year Manufacturer Warranty for Phone and 6 Months Warranty for in the Box Accessories","₹15,999"
31,WIZPHONE W5 AIR,"32 MB RAM | 32 MB ROM
4.57 cm (1.8 inch) Display
1.2MP Rear Camera
2500 mAh Battery
6 Months Warranty","₹1,049"
32,"realme 9i (Prism Blue, 128 GB)","6 GB RAM | 128 GB ROM | Expandable Upto 1 TB
16.76 cm (6.6 inch) Full HD+ Display
50MP + 2MP + 2MP | 16MP Front Camera
5000 mAh Lithium ion Battery
Qualcomm Snapdragon 680 (SM6225) Processor
1 Year Manufacturer Warranty for Phone and 6 Months Warranty for in the Box Accessories","₹15,999"
33,"realme 9i (Prism Black, 64 GB)","4 GB RAM | 64 GB ROM | Expandable Upto 1 TB
16.76 cm (6.6 inch) Full HD+ Display
50MP + 2MP + 2MP | 16MP Front Camera
5000 mAh Lithium ion Battery
Qualcomm Snapdragon 680 (SM6225) Processor
1 Year Manufacturer Warranty for Phone and 6 Months Warranty for in the Box Accessories","₹13,999"
34,"APPLE iPhone SE (Red, 128 GB)","128 GB ROM
11.94 cm (4.7 inch) Retina HD Display
12MP Rear Camera | 7MP Front Camera
A13 Bionic Chip with 3rd Gen Neural Engine Processor
Water and Dust Resistant (1 meter for Upto 30 minutes, IP67)
Fast Charge Capable
Wireless charging (Works with Qi Chargers | Qi Chargers are Sold Separately
Brand Warranty of 1 Year","₹35,099"
35,IAIR S19,"32 MB RAM | 32 MB ROM
6.1 cm (2.4 inch) NA Display
0.8MP Rear Camera
2800 mAh Battery
1 Year manufacturer warranty for device and 6 months manufacturer warranty for in-box accessories including batteries from the date of purchase","₹1,299"
36,"Infinix Hot 10 Play (Aegean Blue, 32 GB)","3 GB RAM | 32 GB ROM | Expandable Upto 256 GB
17.32 cm (6.82 inch) HD+ Display
13MP + Depth Sensor | 8MP Front Camera
6000 mAh Li-ion Polymer Battery
MediaTek Helio G35 Processor
1 Year on Handset and 6 Months on Accessories","₹8,299"
37,"MOTOROLA G40 Fusion (Dynamic Gray, 128 GB)","6 GB RAM | 128 GB ROM
17.22 cm (6.78 inch) Full HD+ Display
64MP + 8MP + 2MP | 16MP Front Camera
6000 mAh Battery
Qualcomm Snapdragon 732G Processor
120Hz Refresh Rate
Stock Android Experience
1 Year on Handset and 6 Months on Accessories","₹16,549"
38,"REDMI 9i (Sea Blue, 64 GB)","4 GB RAM | 64 GB ROM | Expandable Upto 512 GB
16.59 cm (6.53 inch) HD+ Display
13MP Rear Camera | 5MP Front Camera
5000 mAh Lithium Polymer Battery
MediaTek Helio G25 Processor
Brand Warranty of 1 Year Available for Mobile and 6 Months for Accessories","₹8,999"
39,"IAIR Basic Feature Dual Sim Mobile Phone with 2800mAh Battery, 2.4 inch Display Screen, 0.8 mp Camera ...","32 MB RAM | 32 MB ROM | Expandable Upto 32 GB
6.1 cm (2.4 inch) Display
0.8MP + 0.8MP
2800 mAh Battery
1 Year manufacturer warranty for device and 6 months manufacturer warranty for in-box accessories including batteries from the date of purchase","₹1,289"
40,"realme C11 2021 (Cool Grey, 64 GB)","4 GB RAM | 64 GB ROM | Expandable Upto 256 GB
16.51 cm (6.5 inch) HD+ Display
8MP Rear Camera | 5MP Front Camera
5000 mAh Battery
Octa-core Processor
1 Year Warranty for Mobile and 6 Months for Accessories","₹8,999"
41,"realme 8 (Cyber Silver, 128 GB)","8 GB RAM | 128 GB ROM | Expandable Upto 256 GB
16.26 cm (6.4 inch) Full HD+ Display
64MP + 8MP + 2MP + 2MP | 16MP Front Camera
5000 mAh Battery
MediaTek Helio G95 Processor
Super AMOLED Display
1 Year Warranty for Mobile and 6 Months for Accessories","₹17,999"
42,"realme 8 (Cyber Silver, 128 GB)","6 GB RAM | 128 GB ROM | Expandable Upto 256 GB
16.26 cm (6.4 inch) Full HD+ Display
64MP + 8MP + 2MP + 2MP | 16MP Front Camera
5000 mAh Battery
MediaTek Helio G95 Processor
Super AMOLED Display
1 Year Warranty for Mobile and 6 Months for Accessories","₹16,999"
43,I Kall K-60,"32 MB RAM | 64 MB ROM
6.1 cm (2.4 inch) Display
0.3MP Rear Camera
1500 mAh Battery
1 Year Manufacturer warranty","₹1,649"
44,"realme 8 (Cyber Black, 128 GB)","6 GB RAM | 128 GB ROM | Expandable Upto 256 GB
16.26 cm (6.4 inch) Full HD+ Display
64MP + 8MP + 2MP + 2MP | 16MP Front Camera
5000 mAh Battery
MediaTek Helio G95 Processor
Super AMOLED Display
1 Year Warranty for Mobile and 6 Months for Accessories","₹16,999"
45,"Infinix Hot 11S (7° Purple, 64 GB)","4 GB RAM | 64 GB ROM | Expandable Upto 256 GB
17.22 cm (6.78 inch) Full HD+ Display
50MP + 2MP + AI Lens | 8MP Front Camera
5000 mAh Li-ion Polymer Battery
MediaTek Helio G88 Processor
90Hz Refresh Rate
18W Type C, Fast Charger
1 Year on Handset and 6 Months on Accessories","₹10,999"
46,"Infinix Hot 10 Play (Morandi Green, 32 GB)","3 GB RAM | 32 GB ROM | Expandable Upto 256 GB
17.32 cm (6.82 inch) HD+ Display
13MP + Depth Sensor | 8MP Front Camera
6000 mAh Li-ion Polymer Battery
MediaTek Helio G35 Processor
1 Year on Handset and 6 Months on Accessories","₹8,299"
47,"IAIR Basic Feature Dual Sim Mobile Phone with 2800mAh Battery, 2.8 inch Display Screen, 0.8 mp Camera ...","0 MB ROM | Expandable Upto 32 GB
7.11 cm (2.8 inch) Display
0.8MP Rear Camera
2800 mAh Battery
1 Year Brand Replacement Warranty","₹1,219"
48,"Infinix Hot 11 (Emerald Green, 64 GB)","4 GB RAM | 64 GB ROM | Expandable Upto 256 GB
16.76 cm (6.6 inch) Full HD+ Display
13MP + Depth Lens | 8MP Front Camera
5200 mAh Li-ion Polymer Battery
MediaTek Helio G70 Processor
1 Year on Handset and 6 Months on Accessories","₹9,999"
49,"Infinix Hot 11 (Silver Wave, 64 GB)","4 GB RAM | 64 GB ROM | Expandable Upto 256 GB
16.76 cm (6.6 inch) Full HD+ Display
13MP + Depth Lens | 8MP Front Camera
5200 mAh Li-ion Polymer Battery
MediaTek Helio G70 Processor
1 Year on Handset and 6 Months on Accessories","₹9,999"
50,"realme Narzo 50i (Mint Green, 32 GB)","2 GB RAM | 32 GB ROM | Expandable Upto 256 GB
16.51 cm (6.5 inch) Display
8MP Rear Camera | 5MP Front Camera
5000 mAh Battery
SC9863A Processor
1 Year Warranty for Mobile and 6 Months for Accessories","₹7,499"
51,"IAIR Basic Feature Dual Sim Mobile Phone with 2800mAh Battery, 1.77 inch Display Screen, 0.8 mp Camera...","32 MB RAM | 32 MB ROM | Expandable Upto 32 GB
4.5 cm (1.77 inch) Display
0.8MP + 0.8MP
2800 mAh Battery
1 Year manufacturer warranty for device and 6 months manufacturer warranty for in-box accessories including batteries from the date of purchase",₹999
52,"realme Narzo 50i (Carbon Black, 32 GB)","2 GB RAM | 32 GB ROM | Expandable Upto 256 GB
16.51 cm (6.5 inch) Display
8MP Rear Camera | 5MP Front Camera
5000 mAh Battery
SC9863A Processor
1 Year Warranty for Mobile and 6 Months for Accessories","₹7,499"
53,"SAMSUNG Galaxy F12 (Sky Blue, 64 GB)","4 GB RAM | 64 GB ROM | Expandable Upto 512 GB
16.55 cm (6.515 inch) HD+ Display
48MP + 5MP + 2MP + 2MP | 8MP Front Camera
6000 mAh Lithium-ion Battery
Exynos 850 Processor
1 Year Warranty Provided by the Manufacturer from Date of Purchase","₹11,499"
54,"SAMSUNG Galaxy M12 (Black, 64 GB)","4 GB RAM | 64 GB ROM
16.51 cm (6.5 inch) Display
48MP Rear Camera
6000 mAh Battery
1 Year","₹11,078"
55,WIZPHONE W5 AIR,"32 MB RAM | 32 MB ROM
4.57 cm (1.8 inch) Display
1.2MP Rear Camera
2500 mAh Battery
6 Months Warranty","₹1,049"
56,"realme 8 5G (Supersonic Black, 128 GB)","8 GB RAM | 128 GB ROM | Expandable Upto 1 TB
16.51 cm (6.5 inch) Full HD+ Display
48MP + 2MP + 2MP | 16MP Front Camera
5000 mAh Battery
MediaTek Dimensity 700 (MT6833) Processor
1 Year Warranty for Mobile and 6 Months for Accessories","₹18,499"
57,"OPPO A53s 5G (Ink Black, 128 GB)","6 GB RAM | 128 GB ROM | Expandable Upto 1 TB
16.56 cm (6.52 inch) HD+ Display
13MP + 2MP + 2MP | 8MP Front Camera
5000 mAh Battery
MediaTek Dimensity 700 Processor
Dual-Mode 5G | Ultra Clear Eye Care Display | Side Fingerprint Unlock
Brand Warranty of 1 Year Available for Mobile Including Battery and 6 Months for Accessories","₹15,990"
58,"MOTOROLA g31 (Meteorite Grey, 64 GB)","4 GB RAM | 64 GB ROM | Expandable Upto 1 TB
16.43 cm (6.47 inch) Full HD+ Display
50MP + 8MP + 2MP | 13MP Front Camera
5000 mAh LiPo Battery
Mediatek Helio G85 Processor
1 Year on Handset and 6 Months on Accessories","₹12,999"
59,IAIR S19,"32 MB RAM | 32 MB ROM
6.1 cm (2.4 inch) NA Display
0.8MP Rear Camera
2800 mAh Battery
1 Year manufacturer warranty for device and 6 months manufacturer warranty for in-box accessories including batteries from the date of purchase","₹1,299"
60,"SAMSUNG Galaxy F22 (Denim Black, 64 GB)","4 GB RAM | 64 GB ROM | Expandable Upto 1 TB
16.26 cm (6.4 inch) HD+ Display
48MP + 8MP + 2MP + 2MP | 13MP Front Camera
6000 mAh Lithium-ion Battery
MediaTek Helio G80 Processor
1 Year Warranty Provided by the Manufacturer from Date of Purchase","₹12,999"
61,"realme Narzo 50i (Mint Green, 64 GB)","4 GB RAM | 64 GB ROM | Expandable Upto 256 GB
16.51 cm (6.5 inch) Display
8MP Rear Camera | 5MP Front Camera
5000 mAh Battery
SC9863A Processor
1 Year Warranty for Mobile and 6 Months for Accessories","₹8,999"
62,"realme Narzo 50i (Carbon Black, 64 GB)","4 GB RAM | 64 GB ROM | Expandable Upto 256 GB
16.51 cm (6.5 inch) Display
8MP Rear Camera | 5MP Front Camera
5000 mAh Battery
SC9863A Processor
1 Year Warranty for Mobile and 6 Months for Accessories","₹8,999"
63,"IAIR Basic Feature Dual Sim Mobile Phone with 2800mAh Battery, 2.4 inch Display Screen, 0.8 mp Camera ...","32 MB RAM | 32 MB ROM | Expandable Upto 32 GB
6.1 cm (2.4 inch) Display
0.8MP + 0.8MP
2800 mAh Battery
1 Year manufacturer warranty for device and 6 months manufacturer warranty for in-box accessories including batteries from the date of purchase","₹1,289"
64,"Infinix Hot 11S (Silver Wave, 64 GB)","4 GB RAM | 64 GB ROM | Expandable Upto 256 GB
17.22 cm (6.78 inch) Full HD+ Display
50 MP + 2 MP + AI Lens | 8MP Front Camera
5000 mAh Li-ion Polymer Battery
Mediatek Helio G88 Processor
1 Year on Handset and 6 Months on Accessories","₹10,999"
65,"POCO M3 Pro 5G (Cool Blue, 64 GB)","4 GB RAM | 64 GB ROM | Expandable Upto 1 TB
16.51 cm (6.5 inch) Full HD+ Display
48MP + 2MP + 2MP | 8MP Front Camera
5000 mAh Lithium-ion Polymer Battery
MediaTek Dimensity 700 Processor
Multiple Hands-free Voice Assistant
One Year Warranty for Handset, 6 Months for Accessories","₹14,499"
66,"POCO M3 Pro 5G (Yellow, 128 GB)","6 GB RAM | 128 GB ROM | Expandable Upto 1 TB
16.51 cm (6.5 inch) Full HD+ Display
48MP + 2MP + 2MP | 8MP Front Camera
5000 mAh Lithium-ion Polymer Battery
MediaTek Dimensity 700 Processor
Multiple Hands-free Voice Assistant
One Year Warranty for Handset, 6 Months for Accessories","₹16,499"
67,I Kall K-60,"32 MB RAM | 64 MB ROM
6.1 cm (2.4 inch) Display
0.3MP Rear Camera
1500 mAh Battery
1 Year Manufacturer warranty","₹1,649"
68,"SAMSUNG Galaxy F22 (Denim Blue, 128 GB)","6 GB RAM | 128 GB ROM | Expandable Upto 1 TB
16.26 cm (6.4 inch) HD+ Display
48MP + 8MP + 2MP + 2MP | 13MP Front Camera
6000 mAh Lithium-ion Battery
MediaTek Helio G80 Processor
1 Year Warranty Provided by the Manufacturer from Date of Purchase","₹14,999"
69,"realme 8 (Cyber Black, 128 GB)","4 GB RAM | 128 GB ROM | Expandable Upto 256 GB
16.26 cm (6.4 inch) Full HD+ Display
64MP + 8MP + 2MP + 2MP | 16MP Front Camera
5000 mAh Battery
MediaTek Helio G95 Processor
Super AMOLED Display
1 Year Warranty for Mobile and 6 Months for Accessories","₹15,999"
70,"Infinix Hot 11S (Polar Black, 64 GB)","4 GB RAM | 64 GB ROM | Expandable Upto 256 GB
17.22 cm (6.78 inch) Full HD+ Display
50MP + 2MP + AI Lens | 8MP Front Camera
5000 mAh Li-ion Polymer Battery
MediaTek Helio G88 Processor
90Hz Refresh Rate
18W Type C, Fast Charger
1 Year on Handset and 6 Months on Accessories","₹10,999"
71,"IAIR Basic Feature Dual Sim Mobile Phone with 2800mAh Battery, 2.8 inch Display Screen, 0.8 mp Camera ...","0 MB ROM | Expandable Upto 32 GB
7.11 cm (2.8 inch) Display
0.8MP Rear Camera
2800 mAh Battery
1 Year Brand Replacement Warranty","₹1,219"
72,"Infinix Smart 5A (Ocean Wave, 32 GB)","2 GB RAM | 32 GB ROM | Expandable Upto 256 GB
16.56 cm (6.52 inch) HD+ Display
8MP + Depth Sensor | 8MP Front Camera
5000 mAh Li-ion Polymer Battery
MediaTek Helio A20 Processor
1 Year on Handset and 6 Months on Accessories","₹7,199"
73,"realme 8 5G (Supersonic Blue, 128 GB)","4 GB RAM | 128 GB ROM | Expandable Upto 1 TB
16.51 cm (6.5 inch) Full HD+ Display
48MP + 2MP + 2MP | 16MP Front Camera
5000 mAh Battery
MediaTek Dimensity 700 (MT6833) Processor
1 Year Warranty for Mobile and 6 Months for Accessories","₹16,499"
74,"realme 8 5G (Supersonic Black, 128 GB)","4 GB RAM | 128 GB ROM | Expandable Upto 1 TB
16.51 cm (6.5 inch) Full HD+ Display
48MP + 2MP + 2MP | 16MP Front Camera
5000 mAh Battery
MediaTek Dimensity 700 (MT6833) Processor
1 Year Warranty for Mobile and 6 Months for Accessories","₹16,499"
75,"IAIR Basic Feature Dual Sim Mobile Phone with 2800mAh Battery, 1.77 inch Display Screen, 0.8 mp Camera...","32 MB RAM | 32 MB ROM | Expandable Upto 32 GB
4.5 cm (1.77 inch) Display
0.8MP + 0.8MP
2800 mAh Battery
1 Year manufacturer warranty for device and 6 months manufacturer warranty for in-box accessories including batteries from the date of purchase",₹999
76,"Infinix Note 11 (Graphite Black, 128 GB)","6 GB RAM | 128 GB ROM | Expandable Upto 512 GB
17.02 cm (6.7 inch) Full HD+ AMOLED Display
50 MP + 2 MP Depth Lens + AI Lens | 16MP Front Camera
5000 mAh Li-ion Polymer Battery
Mediatek Helio G88 Processor
1 Year on Handset and 6 Months on Accessories","₹14,499"
77,"Infinix Smart HD 2021 (Quartz Green, 32 GB)","2 GB RAM | 32 GB ROM | Expandable Upto 256 GB
15.49 cm (6.1 inch) HD+ Display
8MP Rear Camera | 5MP Front Camera
5000 mAh Li-ion Polymer Battery
MediaTek Helio A20 Processor
1 Year on Handset and 6 Months on Accessories","₹7,990"
78,"OPPO A53s 5G (Crystal Blue, 128 GB)","8 GB RAM | 128 GB ROM | Expandable Upto 1 TB
16.56 cm (6.52 inch) HD+ Display
13MP + 2MP + 2MP | 8MP Front Camera
5000 mAh Battery
MediaTek Dimensity 700 Processor
Dual-Mode 5G | Ultra Clear Eye Care Display | Side Fingerprint Unlock
Brand Warranty of 1 Year Available for Mobile Including Battery and 6 Months for Accessories","₹17,990"
79,WIZPHONE W5 AIR,"32 MB RAM | 32 MB ROM
4.57 cm (1.8 inch) Display
1.2MP Rear Camera
2500 mAh Battery
6 Months Warranty","₹1,049"
80,"MOTOROLA G60 (Frosted Champagne, 128 GB)","6 GB RAM | 128 GB ROM
17.22 cm (6.78 inch) Full HD+ Display
108MP + 8MP + 2MP | 32MP Front Camera
6000 mAh Battery
Qualcomm Snapdragon 732G Processor
120Hz Refresh Rate
Stock Android Experience
1 Year on Handset and 6 Months on Accessories","₹18,099"
81,"OPPO A53s 5G (Ink Black, 128 GB)","8 GB RAM | 128 GB ROM | Expandable Upto 1 TB
16.56 cm (6.52 inch) HD+ Display
13MP + 2MP + 2MP | 8MP Front Camera
5000 mAh Battery
MediaTek Dimensity 700 Processor
Dual-Mode 5G | Ultra Clear Eye Care Display | Side Fingerprint Unlock
Brand Warranty of 1 Year Available for Mobile Including Battery and 6 Months for Accessories","₹17,990"
82,"realme C25_Y (Glacier Blue, 64 GB)","4 GB RAM | 64 GB ROM
16.51 cm (6.5 inch) HD+ Display
50MP + 2MP + 2MP | 8MP Front Camera
5000 mAh LiPo Battery
Unisoc T618 Processor
1 Year Domestic Warranty","₹10,999"
83,IAIR S19,"32 MB RAM | 32 MB ROM
6.1 cm (2.4 inch) NA Display
0.8MP Rear Camera
2800 mAh Battery
1 Year manufacturer warranty for device and 6 months manufacturer warranty for in-box accessories including batteries from the date of purchase","₹1,299"
84,"realme C25_Y (Metal Grey, 64 GB)","4 GB RAM | 64 GB ROM
16.51 cm (6.5 inch) HD+ Display
50MP + 2MP + 2MP | 8MP Front Camera
5000 mAh LiPo Battery
Unisoc T618 Processor
1 Year Domestic Warranty","₹10,999"
85,"realme C25_Y (Metal Grey, 128 GB)","4 GB RAM | 128 GB ROM
16.51 cm (6.5 inch) HD+ Display
50MP + 2MP + 2MP | 8MP Front Camera
5000 mAh LiPo Battery
Unisoc T618 Processor
1 Year Domestic Warranty","₹11,999"
86,"realme C25_Y (Glacier Blue, 128 GB)","4 GB RAM | 128 GB ROM
16.51 cm (6.5 inch) HD+ Display
50MP + 2MP + 2MP | 8MP Front Camera
5000 mAh LiPo Battery
Unisoc T618 Processor
1 Year Domestic Warranty","₹11,999"
87,"IAIR Basic Feature Dual Sim Mobile Phone with 2800mAh Battery, 2.4 inch Display Screen, 0.8 mp Camera ...","32 MB RAM | 32 MB ROM | Expandable Upto 32 GB
6.1 cm (2.4 inch) Display
0.8MP + 0.8MP
2800 mAh Battery
1 Year manufacturer warranty for device and 6 months manufacturer warranty for in-box accessories including batteries from the date of purchase","₹1,289"
88,"MOTOROLA G60 (Dynamic Gray, 128 GB)","6 GB RAM | 128 GB ROM
17.27 cm (6.8 inch) Full HD+ Display
108MP + 8MP + 2MP | 32MP Front Camera
6000 mAh Battery
Qualcomm Snapdragon 732G Processor
120Hz Refresh Rate
Stock Android Experience
1 Year on Handset and 6 Months on Accessories","₹18,099"
89,"Infinix Smart 5A (Midnight Black, 32 GB)","2 GB RAM | 32 GB ROM | Expandable Upto 256 GB
16.56 cm (6.52 inch) HD+ Display
8MP + Depth Sensor | 8MP Front Camera
5000 mAh Li-ion Polymer Battery
MediaTek Helio A20 Processor
1 Year on Handset and 6 Months on Accessories","₹7,199"
90,"Infinix Smart 5A (Quetzal Cyan, 32 GB)","2 GB RAM | 32 GB ROM | Expandable Upto 256 GB
16.56 cm (6.52 inch) HD+ Display
8MP + Depth Sensor | 8MP Front Camera
5000 mAh Li-ion Polymer Battery
MediaTek Helio A20 Processor
1 Year on Handset and 6 Months on Accessories","₹7,199"
91,I Kall K-60,"32 MB RAM | 64 MB ROM
6.1 cm (2.4 inch) Display
0.3MP Rear Camera
1500 mAh Battery
1 Year Manufacturer warranty","₹1,649"
92,"MOTOROLA E7 Power (Coral Red, 64 GB)","4 GB RAM | 64 GB ROM | Expandable Upto 1 TB
16.54 cm (6.51 inch) HD+ Display
13MP + 2MP | 5MP Front Camera
5000 mAh Battery
MediaTek Helio G25 Processor
1 Year on Handset and 6 Months on Accessories","₹8,999"
93,"OPPO A33 (Mint Cream, 32 GB)","3 GB RAM | 32 GB ROM | Expandable Upto 256 GB
16.51 cm (6.5 inch) HD+ Display
13MP + 2MP + 2MP | 8MP Front Camera
5000 mAh Lithium-ion Polymer Battery
Qualcomm Snapdragon 460 Processor
90 Hz Punch Hole Display
18W Fast Charging
Brand Warranty of 1 Year Available for Mobile Including Battery and 6 Months for Accessories","₹10,490"
94,I Kall K 48,"32 MB RAM | 64 MB ROM
4.57 cm (1.8 inch) Display
0.3MP Rear Camera
1500 mAh Battery
1 Year manufacturing warranty for mobile and 6 months for accessories",₹759
95,"IAIR Basic Feature Dual Sim Mobile Phone with 2800mAh Battery, 2.8 inch Display Screen, 0.8 mp Camera ...","0 MB ROM | Expandable Upto 32 GB
7.11 cm (2.8 inch) Display
0.8MP Rear Camera
2800 mAh Battery
1 Year Brand Replacement Warranty","₹1,219"
96,"Infinix Hot 11S (Silver Wave, 128 GB)","4 GB RAM | 128 GB ROM | Expandable Upto 256 GB
17.22 cm (6.78 inch) Full HD+ Display
50 MP + 2 MP + AI Lens | 8MP Front Camera
5000 mAh Li-ion Polymer Battery
Mediatek Helio G88 Processor
1 Year on Handset and 6 Months on Accessories","₹11,999"
97,"Infinix Hot 11S (Green Wave, 128 GB)","4 GB RAM | 128 GB ROM | Expandable Upto 256 GB
17.22 cm (6.78 inch) Full HD+ Display
50 MP + 2 MP + AI Lens | 8MP Front Camera
5000 mAh Li-ion Polymer Battery
Mediatek Helio G88 Processor
1 Year on Handset and 6 Months on Accessories","₹11,999"
98,"vivo V23 5G (Stardust Black, 256 GB)","12 GB RAM | 256 GB ROM
16.36 cm (6.44 inch) Full HD+ Display
64MP + 8MP + 2MP | 50MP + 8MP Dual Front Camera
4200 mAh Lithium Battery
Mediatek Dimensity 920 Processor
1 Year for Handset and 6 Months for Accessories","₹34,990"
99,"IAIR Basic Feature Dual Sim Mobile Phone with 2800mAh Battery, 1.77 inch Display Screen, 0.8 mp Camera...","32 MB RAM | 32 MB ROM | Expandable Upto 32 GB
4.5 cm (1.77 inch) Display
0.8MP + 0.8MP
2800 mAh Battery
1 Year manufacturer warranty for device and 6 months manufacturer warranty for in-box accessories including batteries from the date of purchase",₹999
100,LAVA A1 Josh 2021,"32 MB RAM | 24 MB ROM | Expandable Upto 32 GB
4.5 cm (1.77 inch) Quarter QVGA Display
800 mAh Li-ion Battery
1 Year Manufacturer Replacement Guarantee for Phone and 6 months Replacement for Accessories in the Box","₹1,011"
101,"realme Narzo 30 (Racing Blue, 128 GB)","6 GB RAM | 128 GB ROM | Expandable Upto 256 GB
16.51 cm (6.5 inch) Full HD+ Display
48MP + 2MP + 2MP | 16MP Front Camera
5000 mAh Battery
MediaTek Helio G95 Processor
30W Charger
1 Year Warranty for Mobile and 6 Months for Accessories","₹15,499"
102,Nokia TA-1304/105 SS,"4 MB RAM | 4 MB ROM
4.5 cm (1.77 inch) Display
800 mAh Battery
1 Year Manufacturer Warranty","₹1,365"
103,WIZPHONE W5 AIR,"32 MB RAM | 32 MB ROM
4.57 cm (1.8 inch) Display
1.2MP Rear Camera
2500 mAh Battery
6 Months Warranty","₹1,049"
104,"POCO M3 Pro 5G (Power Black, 64 GB)","4 GB RAM | 64 GB ROM | Expandable Upto 1 TB
16.51 cm (6.5 inch) Full HD+ Display
48MP + 2MP + 2MP | 8MP Front Camera
5000 mAh Lithium-ion Polymer Battery
MediaTek Dimensity 700 Processor
Multiple Hands-free Voice Assistant
One Year Warranty for Handset, 6 Months for Accessories","₹14,499"
105,LAVA A3,"4 MB RAM | 3 MB ROM | Expandable Upto 32 GB
4.5 cm (1.77 inch) Display
0.3MP Rear Camera
1750 mAh Battery
1 year manufacturer Replacement for device and 6 months manufacturer warranty for in-box accessories including batteries from the date of purchase","₹1,209"
106,"MOTOROLA G51 5G (Bright Silver, 64 GB)","4 GB RAM | 64 GB ROM
17.27 cm (6.8 inch) Full HD+ Display
50MP + 8MP + 2MP | 13MP Front Camera
5000 mAh Lithium Polymer Battery
Qualcomm Snapdragon 480 Pro Processor
1 Year on Handset and 6 Months on Accessories","₹14,999"
107,IAIR S19,"32 MB RAM | 32 MB ROM
6.1 cm (2.4 inch) NA Display
0.8MP Rear Camera
2800 mAh Battery
1 Year manufacturer warranty for device and 6 months manufacturer warranty for in-box accessories including batteries from the date of purchase","₹1,299"
108,"realme 8 (Cyber Silver, 128 GB)","4 GB RAM | 128 GB ROM | Expandable Upto 256 GB
16.26 cm (6.4 inch) Full HD+ Display
64MP + 8MP + 2MP + 2MP | 16MP Front Camera
5000 mAh Battery
MediaTek Helio G95 Processor
Super AMOLED Display
1 Year Warranty for Mobile and 6 Months for Accessories","₹15,999"
109,"realme C20 (Cool Blue, 32 GB)","2 GB RAM | 32 GB ROM | Expandable Upto 256 GB
16.51 cm (6.5 inch) HD+ Display
8MP Rear Camera | 5MP Front Camera
5000 mAh Battery
MediaTek Helio G35 Processor
1 Year Warranty for Mobile and 6 Months for Accessories","₹7,499"
110,"realme C20 (Cool Grey, 32 GB)","2 GB RAM | 32 GB ROM | Expandable Upto 256 GB
16.51 cm (6.5 inch) HD+ Display
8MP Rear Camera | 5MP Front Camera
5000 mAh Battery
MediaTek Helio G35 Processor
1 Year Warranty for Mobile and 6 Months for Accessories","₹7,499"
111,"IAIR Basic Feature Dual Sim Mobile Phone with 2800mAh Battery, 2.4 inch Display Screen, 0.8 mp Camera ...","32 MB RAM | 32 MB ROM | Expandable Upto 32 GB
6.1 cm (2.4 inch) Display
0.8MP + 0.8MP
2800 mAh Battery
1 Year manufacturer warranty for device and 6 months manufacturer warranty for in-box accessories including batteries from the date of purchase","₹1,289"
112,LAVA A3,"4 MB RAM | 3 MB ROM | Expandable Upto 32 GB
4.5 cm (1.77 inch) Display
0.3MP Rear Camera
1750 mAh Battery
1 year manufacturer Replacement for device and 6 months manufacturer warranty for in-box accessories including batteries from the date of purchase","₹1,209"
113,"realme C25Y (Glacier Blue, 128 GB)","4 GB RAM | 128 GB ROM | Expandable Upto 256 GB
16.51 cm (6.5 inch) HD+ Display
50MP + 2MP + 2MP | 8MP Front Camera
5000 mAh Battery
Unisoc T610 Octa Core Processor
1 Year Warranty for Mobile and 6 Months for Accessories","₹12,049"
114,"Xiaomi 11i 5G (Stealth Black, 128 GB)","6 GB RAM | 128 GB ROM | Expandable Upto 1 TB
16.94 cm (6.67 inch) Full HD+ AMOLED Display
108MP Rear Camera | 16MP Front Camera
5160 mAh Li-Polymer Battery
Mediatek Dimensity 920 Processor
1 Year Manufacturer Warranty for Phone and 6 Months Warranty for in the Box Accessories","₹24,999"
115,I Kall K-60,"32 MB RAM | 64 MB ROM
6.1 cm (2.4 inch) Display
0.3MP Rear Camera
1500 mAh Battery
1 Year Manufacturer warranty","₹1,649"
116,"APPLE iPhone 12 (Black, 64 GB)","64 GB ROM
15.49 cm (6.1 inch) Super Retina XDR Display
12MP + 12MP | 12MP Front Camera
A14 Bionic Chip with Next Generation Neural Engine Processor
Ceramic Shield
Industry-leading IP68 Water Resistance
All Screen OLED Display
12MP TrueDepth Front Camera with Night Mode, 4K Dolby Vision HDR Recording
Brand Warranty for 1 Year","₹60,299"
117,"Infinix Hot 11S (Green Wave, 64 GB)","4 GB RAM | 64 GB ROM | Expandable Upto 256 GB
17.22 cm (6.78 inch) Full HD+ Display
50MP + 2MP + AI Lens | 8MP Front Camera
5000 mAh Li-ion Polymer Battery
MediaTek Helio G88 Processor
90Hz Refresh Rate
18W Type C, Fast Charger
1 Year on Handset and 6 Months on Accessories","₹10,999"
118,"realme Narzo 30 (Racing Silver, 64 GB)","4 GB RAM | 64 GB ROM | Expandable Upto 256 GB
16.51 cm (6.5 inch) Full HD+ Display
48MP + 2MP + 2MP | 16MP Front Camera
5000 mAh Battery
MediaTek Helio G95 Processor
30W Charger
1 Year Warranty for Mobile and 6 Months for Accessories","₹13,499"
119,"IAIR Basic Feature Dual Sim Mobile Phone with 2800mAh Battery, 2.8 inch Display Screen, 0.8 mp Camera ...","0 MB ROM | Expandable Upto 32 GB
7.11 cm (2.8 inch) Display
0.8MP Rear Camera
2800 mAh Battery
1 Year Brand Replacement Warranty","₹1,219"
120,"realme Narzo 30 (Racing Silver, 64 GB)","6 GB RAM | 64 GB ROM | Expandable Upto 256 GB
16.51 cm (6.5 inch) Full HD+ Display
48MP + 2MP + 2MP | 16MP Front Camera
5000 mAh Battery
MediaTek Helio G95 Processor
30W Charger
1 Year Warranty for Mobile and 6 Months for Accessories","₹14,499"
121,"Infinix Note 11 (Celestial Snow, 64 GB)","4 GB RAM | 64 GB ROM | Expandable Upto 512 GB
17.02 cm (6.7 inch) Full HD+ AMOLED Display
50 MP + 2 MP + AI Lens | 16MP Front Camera
5000 mAh Li-ion Polymer Battery
Mediatek Helio G88 Processor
1 Year on Handset and 6 Months on Accessories","₹12,499"
122,"Infinix Note 11 (Celestial Snow, 128 GB)","6 GB RAM | 128 GB ROM | Expandable Upto 512 GB
17.02 cm (6.7 inch) Full HD+ AMOLED Display
50 MP + 2 MP Depth Lens + AI Lens | 16MP Front Camera
5000 mAh Li-ion Polymer Battery
Mediatek Helio G88 Processor
1 Year on Handset and 6 Months on Accessories","₹14,499"
123,WIZPHONE W5 AIR,"32 MB RAM | 32 MB ROM
4.57 cm (1.8 inch) Display
1.2MP Rear Camera
2500 mAh Battery
6 Months Warranty","₹1,049"
124,"Infinix Hot 10S (Morandi Green, 64 GB)","4 GB RAM | 64 GB ROM | Expandable Upto 256 GB
17.32 cm (6.82 inch) HD+ Display
48MP + 2MP + AI Lens Camera | 8MP Front Camera
6000 mAh Li-ion Polymer Battery
MediaTek Helio G85 Processor
90Hz Refresh Rate
1 Year on Handset and 6 Months on Accessories","₹9,999"
125,"Xiaomi 11i 5G (Purple Mist, 128 GB)","6 GB RAM | 128 GB ROM | Expandable Upto 1 TB
16.94 cm (6.67 inch) Full HD+ AMOLED Display
108MP Rear Camera | 16MP Front Camera
5160 mAh Li-Polymer Battery
Mediatek Dimensity 920 Processor
1 Year Manufacturer Warranty for Phone and 6 Months Warranty for in the Box Accessories","₹24,999"
126,"SAMSUNG Galaxy F42 5G (Matte Black, 128 GB)","6 GB RAM | 128 GB ROM | Expandable Upto 1 TB
16.76 cm (6.6 inch) Full HD+ Display
64MP + 5MP + 2MP | 8MP Front Camera
5000 mAh Lithium-ion Battery
MediaTek Dimensity 700 Processor
1 Year Warranty Provided by the Manufacturer from Date of Purchase","₹20,999"
127,"IAIR Basic Feature Dual Sim Mobile Phone with 2800mAh Battery, 1.77 inch Display Screen, 0.8 mp Camera...","32 MB RAM | 32 MB ROM | Expandable Upto 32 GB
4.5 cm (1.77 inch) Display
0.8MP + 0.8MP
2800 mAh Battery
1 Year manufacturer warranty for device and 6 months manufacturer warranty for in-box accessories including batteries from the date of purchase",₹999
128,"POCO M3 Pro 5G (Power Black, 128 GB)","6 GB RAM | 128 GB ROM | Expandable Upto 1 TB
16.51 cm (6.5 inch) Full HD+ Display
48MP + 2MP + 2MP | 8MP Front Camera
5000 mAh Lithium-ion Polymer Battery
MediaTek Dimensity 700 Processor
Multiple Hands-free Voice Assistant
One Year Warranty for Handset, 6 Months for Accessories","₹16,499"
129,"SAMSUNG Galaxy M32 (Black, 64 GB)","4 GB RAM | 64 GB ROM | Expandable Upto 1 TB
16.26 cm (6.4 inch) Full HD+ Display
64MP + 8MP + 2MP + 2MP | 20MP Front Camera
6000 mAh Battery
MediaTek Helio G80 Processor
1 Year Manufacturer Warranty for Device and 6 Months Manufacturer Warranty for In-box Accessories Including Batteries from the Date of Purchase","₹14,900"
130,"GIONEE Max (Royal Blue, 32 GB)","2 GB RAM | 32 GB ROM | Expandable Upto 256 GB
15.49 cm (6.1 inch) HD+ Display
13MP + Digital Camera | 5MP Front Camera
5000 mAh Lithium-ion Polymer Battery
Octa Core Processor
One Year for Handset, 6 Months for Accessories","₹6,299"
131,IAIR S19,"32 MB RAM | 32 MB ROM
6.1 cm (2.4 inch) NA Display
0.8MP Rear Camera
2800 mAh Battery
1 Year manufacturer warranty for device and 6 months manufacturer warranty for in-box accessories including batteries from the date of purchase","₹1,299"
132,"GIONEE Max (Black, 32 GB)","2 GB RAM | 32 GB ROM | Expandable Upto 256 GB
15.49 cm (6.1 inch) HD+ Display
13MP + Digital Camera | 5MP Front Camera
5000 mAh Lithium-ion Polymer Battery
Octa Core Processor
One Year for Handset, 6 Months for Accessories","₹6,299"
133,"Xiaomi 11i 5G (Purple Mist, 128 GB)","8 GB RAM | 128 GB ROM | Expandable Upto 1 TB
16.94 cm (6.67 inch) Full HD+ AMOLED Display
108MP Rear Camera | 16MP Front Camera
5160 mAh Li-Polymer Battery
Mediatek Dimensity 920 Processor
1 Year Manufacturer Warranty for Phone and 6 Months Warranty for in the Box Accessories","₹26,999"
134,I Kall K 48,"32 MB RAM | 64 MB ROM
4.57 cm (1.8 inch) Display
0.3MP Rear Camera
1500 mAh Battery
1 Year manufacturing warranty for mobile and 6 months for accessories",₹759
135,"IAIR Basic Feature Dual Sim Mobile Phone with 2800mAh Battery, 2.4 inch Display Screen, 0.8 mp Camera ...","32 MB RAM | 32 MB ROM | Expandable Upto 32 GB
6.1 cm (2.4 inch) Display
0.8MP + 0.8MP
2800 mAh Battery
1 Year manufacturer warranty for device and 6 months manufacturer warranty for in-box accessories including batteries from the date of purchase","₹1,289"
136,"SAMSUNG Galaxy F22 (Denim Black, 128 GB)","6 GB RAM | 128 GB ROM | Expandable Upto 1 TB
16.26 cm (6.4 inch) HD+ Display
48MP + 8MP + 2MP + 2MP | 13MP Front Camera
6000 mAh Lithium-ion Battery
MediaTek Helio G80 Processor
1 Year Warranty Provided by the Manufacturer from Date of Purchase","₹14,999"
137,Micromax X419,"32 MB RAM | 32 MB ROM
4.5 cm (1.77 inch) Display
0.8MP Rear Camera
1750 mAh Battery
1 Year Product and 6 Month Accessories",₹996
138,"realme Narzo 30 (Racing Silver, 128 GB)","6 GB RAM | 128 GB ROM | Expandable Upto 256 GB
16.51 cm (6.5 inch) Full HD+ Display
48MP + 2MP + 2MP | 16MP Front Camera
5000 mAh Battery
MediaTek Helio G95 Processor
30W Charger
1 Year Warranty for Mobile and 6 Months for Accessories","₹15,499"
139,I Kall K-60,"32 MB RAM | 64 MB ROM
6.1 cm (2.4 inch) Display
0.3MP Rear Camera
1500 mAh Battery
1 Year Manufacturer warranty","₹1,649"
140,"SAMSUNG Galaxy M12 (Blue, 64 GB)","4 GB RAM | 64 GB ROM
16.51 cm (6.5 inch) Display
48MP Rear Camera
6000 mAh Battery
1 Year","₹11,149"
141,"SAMSUNG Galaxy M12 (White, 64 GB)","4 GB RAM | 64 GB ROM
16.51 cm (6.5 inch) Display
48MP Rear Camera
6000 mAh Battery
1 Year","₹11,344"
142,LAVA A3 Power,"32 MB RAM | 24 MB ROM | Expandable Upto 32 GB
4.5 cm (1.77 inch) Quarter QVGA Display
0.3MP Rear Camera
2575 mAh Li-ion Battery
1 Year Manufacturer Replacement Guarantee for Phone and 6 Months Replacement for Accessories In the Box","₹1,275"
143,"IAIR Basic Feature Dual Sim Mobile Phone with 2800mAh Battery, 2.8 inch Display Screen, 0.8 mp Camera ...","0 MB ROM | Expandable Upto 32 GB
7.11 cm (2.8 inch) Display
0.8MP Rear Camera
2800 mAh Battery
1 Year Brand Replacement Warranty","₹1,219"
144,LAVA A1500,"24 MB RAM | 32 MB ROM | Expandable Upto 32 GB
6.1 cm (2.4 inch) Quarter QVGA Display
0.8MP Rear Camera
1800 mAh Li-ion Battery
Camera Type:VGA
1 Year Manufacturer Replacement Guarantee for Phone and 6 Months Replacement for Accessories in the Box","₹1,829"
145,Nokia 105 SS 2021,"4 MB RAM | 4 MB ROM
4.5 cm (1.77 inch) Quarter QVGA Display
800 mAh Lithium Ion Battery
Brand Warranty of 1 Year Available for Mobile","₹1,299"
146,"SAMSUNG M32 5G (Sky blue, 128 GB)","6 GB RAM | 128 GB ROM | Expandable Upto 1 TB
16.51 cm (6.5 inch) HD+ Display
48MP + 8MP + 5MP + 2MP | 13MP Front Camera
5000 mAh Battery
Dimensity 720 5G Processor
1 Year Warranty Provided by the Manufacturer from Date of Purchase","₹19,382"
147,"IAIR Basic Feature Dual Sim Mobile Phone with 2800mAh Battery, 1.77 inch Display Screen, 0.8 mp Camera...","32 MB RAM | 32 MB ROM | Expandable Upto 32 GB
4.5 cm (1.77 inch) Display
0.8MP + 0.8MP
2800 mAh Battery
1 Year manufacturer warranty for device and 6 months manufacturer warranty for in-box accessories including batteries from the date of purchase",₹999
148,"vivo Y12G (Phantom Black, 32 GB)","3 GB RAM | 32 GB ROM | Expandable Upto 256 GB
16.54 cm (6.51 inch) HD+ Display
13MP + 2MP | 8MP Front Camera
5000 mAh Li-ion Battery
Qualcomm Snapdragon 439 Processor
1 Year Warranty for Handset and 6 Months for In-box Accessories","₹10,990"
149,LAVA Flip,"32 MB RAM | 32 MB ROM | Expandable Upto 32 GB
6.1 cm (2.4 inch) QVGA Display
0.08MP Rear Camera
1200 mAh Lithium-ion Battery
MTK6261D Processor
1 Year Manufacturer Replacement Guarantee for Phone and 6 Months Replacement for Accessories in the Box","₹1,868"
150,"SAMSUNG Galaxy A22 5G (Mint, 128 GB)","6 GB RAM | 128 GB ROM | Expandable Upto 1 TB
16.76 cm (6.6 inch) Full HD+ Display
48MP + 5MP + 2MP | 8MP Front Camera
5000 mAh Lithium-ion Battery
MediaTek Dimensity 700 (MT6833V) Processor
1 Year Warranty Provided by the Manufacturer from Date of Purchase","₹17,998"
151,WIZPHONE W5 AIR,"32 MB RAM | 32 MB ROM
4.57 cm (1.8 inch) Display
1.2MP Rear Camera
2500 mAh Battery
6 Months Warranty","₹1,049"
152,Nokia 105,"32 MB ROM
3.56 cm (1.4 inch) Display
800 mAh3 Li-Ion Battery
1 Year Manufacturer Warranty","₹1,378"
153,"Infinix Note 11s (Symphony Cyan, 64 GB)","6 GB RAM | 64 GB ROM | Expandable Upto 512 GB
17.65 cm (6.95 inch) Full HD+ Display
50 MP + 2 MP Depth Lens + 2 MP Macro Lens | 16MP Front Camera
5000 mAh Li-ion Polymer Battery
Mediatek Helio G96 Processor
1 Year on Handset and 6 Months on Accessories","₹13,999"
154,"Infinix Note 11s (Haze Green, 64 GB)","6 GB RAM | 64 GB ROM | Expandable Upto 512 GB
17.65 cm (6.95 inch) Full HD+ Display
50 MP + 2 MP Depth Lens + 2 MP Macro Lens | 16MP Front Camera
5000 mAh Li-ion Polymer Battery
MediaTek Helio G96 Processor
1 Year on Handset and 6 Months on Accessories","₹13,999"
155,IAIR S19,"32 MB RAM | 32 MB ROM
6.1 cm (2.4 inch) NA Display
0.8MP Rear Camera
2800 mAh Battery
1 Year manufacturer warranty for device and 6 months manufacturer warranty for in-box accessories including batteries from the date of purchase","₹1,299"
156,"vivo Y20T (Purist Blue, 64 GB)","6 GB RAM | 64 GB ROM | Expandable Upto 1 TB
16.54 cm (6.51 inch) HD+ Display
13MP + 2MP + 2MP | 8MP Front Camera
5000 mAh Lithium Battery
Qualcomm Snapdragon 662 Processor
1 Year for Handset and 6 Months for In-box Accessories","₹15,490"
157,"SAMSUNG Galaxy F12 (Sea Green, 64 GB)","4 GB RAM | 64 GB ROM | Expandable Upto 512 GB
16.55 cm (6.515 inch) HD+ Display
48MP + 5MP + 2MP + 2MP | 8MP Front Camera
6000 mAh Lithium-ion Battery
Exynos 850 Processor
1 Year Warranty Provided by the Manufacturer from Date of Purchase","₹11,499"
158,"SAMSUNG Galaxy F12 (Celestial Black, 64 GB)","4 GB RAM | 64 GB ROM | Expandable Upto 512 GB
16.55 cm (6.515 inch) HD+ Display
48MP + 5MP + 2MP + 2MP | 8MP Front Camera
6000 mAh Lithium-ion Battery
Exynos 850 Processor
1 Year Warranty Provided by the Manufacturer from Date of Purchase","₹11,499"
159,"IAIR Basic Feature Dual Sim Mobile Phone with 2800mAh Battery, 2.4 inch Display Screen, 0.8 mp Camera ...","32 MB RAM | 32 MB ROM | Expandable Upto 32 GB
6.1 cm (2.4 inch) Display
0.8MP + 0.8MP
2800 mAh Battery
1 Year manufacturer warranty for device and 6 months manufacturer warranty for in-box accessories including batteries from the date of purchase","₹1,289"
160,"MOTOROLA e40 (Pink Clay, 64 GB)","4 GB RAM | 64 GB ROM | Expandable Upto 1 TB
16.51 cm (6.5 inch) HD+ Display
48MP + 2MP + 2MP | 8MP Front Camera
5000 mAh Battery
UNISOC T700 Processor
1 Year on Handset and 6 Months on Accessories","₹9,999"
161,"Infinix Note 11 (Glacier Green, 128 GB)","6 GB RAM | 128 GB ROM | Expandable Upto 512 GB
17.02 cm (6.7 inch) Full HD+ AMOLED Display
50 MP + 2 MP Depth Lens + AI Lens | 16MP Front Camera
5000 mAh Li-ion Polymer Battery
Mediatek Helio G88 Processor
1 Year on Handset and 6 Months on Accessories","₹14,499"
162,"SAMSUNG Galaxy M32 5G (Slate Black, 128 GB)","8 GB RAM | 128 GB ROM | Expandable Upto 1 TB
16.51 cm (6.5 inch) HD+ Display
48MP + 8MP + 5MP + 2MP | 13MP Front Camera
5000 mAh Battery
Dimensity 720 5G Processor
1 Year Warranty Provided by the Manufacturer from Date of Purchase","₹21,780"
163,I Kall K-60,"32 MB RAM | 64 MB ROM
6.1 cm (2.4 inch) Display
0.3MP Rear Camera
1500 mAh Battery
1 Year Manufacturer warranty","₹1,649"
164,"SAMSUNG Galaxy M12 (White, 128 GB)","6 GB RAM | 128 GB ROM
16.51 cm (6.5 inch) Display
48MP Rear Camera
6000 mAh Battery
1 Year","₹13,542"
165,"Xiaomi 11i 5G (Pacific Pearl, 128 GB)","6 GB RAM | 128 GB ROM | Expandable Upto 1 TB
16.94 cm (6.67 inch) Full HD+ AMOLED Display
108MP Rear Camera | 16MP Front Camera
5160 mAh Li-Polymer Battery
Mediatek Dimensity 920 Processor
1 Year Manufacturer Warranty for Phone and 6 Months Warranty for in the Box Accessories","₹24,999"
166,GFive A2,"32 MB RAM | 32 MB ROM | Expandable Upto 16 GB
4.57 cm (1.8 inch) Display
0.3MP Rear Camera
1000 mAh Battery
1 Year Manufacturer warranty.",₹699
167,"IAIR Basic Feature Dual Sim Mobile Phone with 2800mAh Battery, 2.8 inch Display Screen, 0.8 mp Camera ...","0 MB ROM | Expandable Upto 32 GB
7.11 cm (2.8 inch) Display
0.8MP Rear Camera
2800 mAh Battery
1 Year Brand Replacement Warranty","₹1,219"
168,"realme C25Y (Glacier Blue, 64 GB)","4 GB RAM | 64 GB ROM | Expandable Upto 256 GB
16.51 cm (6.5 inch) HD+ Display
50MP + 2MP + 2MP | 8MP Front Camera
5000 mAh Battery
Unisoc T610 Octa Core Processor
1 Year Warranty for Mobile and 6 Months for Accessories","₹10,999"
169,"Xiaomi 11i 5G (Stealth Black, 128 GB)","8 GB RAM | 128 GB ROM | Expandable Upto 1 TB
16.94 cm (6.67 inch) Full HD+ AMOLED Display
108MP Rear Camera | 16MP Front Camera
5160 mAh Li-Polymer Battery
Mediatek Dimensity 920 Processor
1 Year Manufacturer Warranty for Phone and 6 Months Warranty for in the Box Accessories","₹26,999"
170,"SAMSUNG Galaxy F12 (Sea Green, 128 GB)","4 GB RAM | 128 GB ROM | Expandable Upto 512 GB
16.55 cm (6.515 inch) HD+ Display
48MP + 5MP + 2MP + 2MP | 8MP Front Camera
6000 mAh Lithium-ion Battery
Exynos 850 Processor
1 Year Warranty Provided by the Manufacturer from Date of Purchase","₹12,499"
171,WIZPHONE W5 AIR,"32 MB RAM | 32 MB ROM
4.57 cm (1.8 inch) Display
1.2MP Rear Camera
2500 mAh Battery
6 Months Warranty","₹1,049"
172,"GIONEE Max (Red, 32 GB)","2 GB RAM | 32 GB ROM | Expandable Upto 256 GB
15.49 cm (6.1 inch) HD+ Display
13MP + Digital Camera | 5MP Front Camera
5000 mAh Lithium-ion Polymer Battery
Octa Core Processor
One Year for Handset, 6 Months for Accessories","₹6,299"
173,"realme 8s 5G (Universe Purple, 128 GB)","8 GB RAM | 128 GB ROM | Expandable Upto 1 TB
16.51 cm (6.5 inch) Full HD+ Display
64MP + 2MP + 2MP | 16MP Front Camera
5000 mAh Battery
MediaTek Dimensity 810 5G Processor
33 W Charger
1 Year Warranty for Mobile and 6 Months for Accessories","₹19,999"
174,Nokia 105 SS 2021,"4 MB RAM | 4 MB ROM
4.5 cm (1.77 inch) Quarter QVGA Display
800 mAh Lithium Ion Battery
Brand Warranty of 1 Year Available for Mobile","₹1,299"
175,"IAIR Basic Feature Dual Sim Mobile Phone with 2800mAh Battery, 1.77 inch Display Screen, 0.8 mp Camera...","32 MB RAM | 32 MB ROM | Expandable Upto 32 GB
4.5 cm (1.77 inch) Display
0.8MP + 0.8MP
2800 mAh Battery
1 Year manufacturer warranty for device and 6 months manufacturer warranty for in-box accessories including batteries from the date of purchase",₹999
176,"realme 8s 5G (Universe Blue, 128 GB)","6 GB RAM | 128 GB ROM | Expandable Upto 1 TB
16.51 cm (6.5 inch) Full HD+ Display
64MP + 2MP + 2MP | 16MP Front Camera
5000 mAh Battery
MediaTek Dimensity 810 5G Processor
33 W Charger
1 Year Warranty for Mobile and 6 Months for Accessories","₹17,999"
177,"vivo Y12G (Glacier Blue, 32 GB)","3 GB RAM | 32 GB ROM | Expandable Upto 256 GB
16.54 cm (6.51 inch) HD+ Display
13MP + 2MP | 8MP Front Camera
5000 mAh Li-ion Battery
Qualcomm Snapdragon 439 Processor
1 Year Warranty for Handset and 6 Months for In-box Accessories","₹10,990"
178,"REDMI Note 10S (Shadow Black, 128 GB)","8 GB RAM | 128 GB ROM | Expandable Upto 512 GB
16.33 cm (6.43 inch) Full HD+ Display
64MP + 8MP + 2MP + 2MP | 13MP Front Camera
5000 mAh Lithium-Ploymer Battery
Mediatek Helio G95 Processor
1 Year Manufacturer Warranty for Phone and 6 Months Warranty for In the Box Accessories","₹18,499"
179,IAIR S19,"32 MB RAM | 32 MB ROM
6.1 cm (2.4 inch) NA Display
0.8MP Rear Camera
2800 mAh Battery
1 Year manufacturer warranty for device and 6 months manufacturer warranty for in-box accessories including batteries from the date of purchase","₹1,299"
180,"MOTOROLA Edge 20 Fusion (Cyber Teal, 128 GB)","6 GB RAM | 128 GB ROM
16.94 cm (6.67 inch) Full HD+ Display
108MP + 8MP + 2MP | 32MP Front Camera
5000 mAh Battery
MediaTek Dimensity 800U Processor
90Hz Refresh Rate AMOLED Display
13 5G Bands
1 Year on Handset and 6 Months on Accessories","₹21,499"
181,"POCO C3 (Matte Black, 64 GB)","4 GB RAM | 64 GB ROM | Expandable Upto 512 GB
16.59 cm (6.53 inch) HD+ Display
13MP + 2MP + 2MP | 5MP Front Camera
5000 mAh Li-ion Polymer Battery
Mediatek Helio G35 Processor
1 Year on Handset and 6 Months on Accessories","₹9,499"
182,"realme C25s (Watery Blue, 128 GB)","4 GB RAM | 128 GB ROM | Expandable Upto 256 GB
16.51 cm (6.5 inch) HD+ Display
13MP + 2MP + 2MP | 8MP Front Camera
6000 mAh Battery
MediaTek Helio G85 Processor
1 Year Warranty for Mobile and 6 Months for Accessories","₹11,999"
183,"IAIR Basic Feature Dual Sim Mobile Phone with 2800mAh Battery, 2.4 inch Display Screen, 0.8 mp Camera ...","32 MB RAM | 32 MB ROM | Expandable Upto 32 GB
6.1 cm (2.4 inch) Display
0.8MP + 0.8MP
2800 mAh Battery
1 Year manufacturer warranty for device and 6 months manufacturer warranty for in-box accessories including batteries from the date of purchase","₹1,289"
184,"realme C25s (Watery Grey, 128 GB)","4 GB RAM | 128 GB ROM | Expandable Upto 256 GB
16.51 cm (6.5 inch) HD+ Display
13MP + 2MP + 2MP | 8MP Front Camera
6000 mAh Battery
MediaTek Helio G85 Processor
1 Year Warranty for Mobile and 6 Months for Accessories","₹11,999"
185,KARBONN K9 max,"64 MB RAM | 64 MB ROM
6.6 cm (2.6 inch) QVGA Display
2MP Rear Camera
2500 mAh Battery
1 Year Manufacturer Warranty","₹1,348"
186,Micromax X809,"32 MB RAM | 32 MB ROM
7.11 cm (2.8 inch) Display
1MP Rear Camera
1000 mAh Battery
1 Year Warranty","₹1,154"
187,I Kall K-60,"32 MB RAM | 64 MB ROM
6.1 cm (2.4 inch) Display
0.3MP Rear Camera
1500 mAh Battery
1 Year Manufacturer warranty","₹1,649"
188,"GIONEE Max Pro (Blue, 32 GB)","3 GB RAM | 32 GB ROM | Expandable Upto 256 GB
16.56 cm (6.52 inch) HD+ Display
13MP + 2MP | 8MP Front Camera
6000 mAh Lithium Polymer Battery
Octa Core Processor
One Year for Handset, 6 Months for Accessories","₹7,299"
189,LAVA Hero 600+,"4 MB RAM | 3 MB ROM | Expandable Upto 32 GB
4.57 cm (1.8 inch) QVGA Display
620 mAh Lithium-ion Battery
1 Year Warranty for Phone and 6 Months Warranty for Accessories in the Box",₹890
190,"vivo V23 5G (Stardust Black, 128 GB)","8 GB RAM | 128 GB ROM
16.36 cm (6.44 inch) Full HD+ Display
64MP + 8MP + 2MP | 50MP + 8MP Dual Front Camera
4200 mAh Lithium Battery
Mediatek Dimensity 920 Processor
1 Year for Handset and 6 Months for Accessories","₹29,990"
191,"IAIR Basic Feature Dual Sim Mobile Phone with 2800mAh Battery, 2.8 inch Display Screen, 0.8 mp Camera ...","0 MB ROM | Expandable Upto 32 GB
7.11 cm (2.8 inch) Display
0.8MP Rear Camera
2800 mAh Battery
1 Year Brand Replacement Warranty","₹1,219"
192,"SAMSUNG Galaxy M32 (Light Blue, 64 GB)","4 GB RAM | 64 GB ROM | Expandable Upto 1 TB
16.26 cm (6.4 inch) Full HD+ Display
64MP + 8MP + 2MP + 2MP | 20MP Front Camera
6000 mAh Battery
MediaTek Helio G80 Processor
1 Year Manufacturer Warranty for Device and 6 Months Manufacturer Warranty for In-box Accessories Including Batteries from the Date of Purchase","₹14,938"
193,LAVA A3 Power,"32 MB RAM | 24 MB ROM | Expandable Upto 32 GB
4.5 cm (1.77 inch) Quarter QVGA Display
0.3MP Rear Camera
2575 mAh Li-ion Battery
1 Year Manufacturer Replacement Guarantee for Phone and 6 Months Replacement for Accessories In the Box","₹1,429"
194,"realme Narzo 30 5G (Racing Silver, 128 GB)","6 GB RAM | 128 GB ROM | Expandable Upto 1 TB
16.51 cm (6.5 inch) Full HD+ Display
48MP + 2MP + 2MP | 16MP Front Camera
5000 mAh Battery
MediaTek Dimensity 700 (MT6833) Processor
1 Year Warranty for Mobile and 6 Months for Accessories","₹16,999"
195,"IAIR Basic Feature Dual Sim Mobile Phone with 2800mAh Battery, 1.77 inch Display Screen, 0.8 mp Camera...","32 MB RAM | 32 MB ROM | Expandable Upto 32 GB
4.5 cm (1.77 inch) Display
0.8MP + 0.8MP
2800 mAh Battery
1 Year manufacturer warranty for device and 6 months manufacturer warranty for in-box accessories including batteries from the date of purchase",₹999
196,"POCO C3 (Arctic Blue, 64 GB)","4 GB RAM | 64 GB ROM | Expandable Upto 512 GB
16.59 cm (6.53 inch) HD+ Display
13MP + 2MP + 2MP | 5MP Front Camera
5000 mAh Li-ion Polymer Battery
Mediatek Helio G35 Processor
1 Year on Handset and 6 Months on Accessories","₹9,499"
197,"OPPO A16 (Pearl Blue, 64 GB)","4 GB RAM | 64 GB ROM
16.56 cm (6.52 inch) HD+ Display
13MP Rear Camera | 8MP Front Camera
5000 mAh Battery
MediaTek Helio G35 Processor
Brand Warranty of 1 Year Available for Mobile Including Battery and 6 Months for Accessories","₹13,490"
198,"APPLE iPhone 12 Mini (White, 64 GB)","64 GB ROM
13.72 cm (5.4 inch) Super Retina XDR Display
12MP + 12MP | 12MP Front Camera
A14 Bionic Chip with Next Generation Neural Engine Processor
Ceramic Shield
Industry-leading IP68 Water Resistance
All Screen OLED Display
12MP TrueDepth Front Camera with Night Mode, 4K Dolby Vision HDR Recording
Brand Warranty for 1 Year","₹49,999"
199,WIZPHONE W5 AIR,"32 MB RAM | 32 MB ROM
4.57 cm (1.8 inch) Display
1.2MP Rear Camera
2500 mAh Battery
6 Months Warranty","₹1,049"
200,"Micromax IN Note 1 (White, 64 GB)","4 GB RAM | 64 GB ROM | Expandable Upto 256 GB
16.94 cm (6.67 inch) Full HD+ Display
48MP + 5MP + 2MP + 2MP | 16MP Front Camera
5000 mAh Li-Polymer Battery
MediaTek Helio G85 (MT6769V/CZ) Processor
Brand Warranty of 1 Year Available for Mobile and 6 Months for Accessories","₹9,999"
201,"Micromax IN Note 1 (Green, 64 GB)","4 GB RAM | 64 GB ROM | Expandable Upto 256 GB
16.94 cm (6.67 inch) Full HD+ Display
48MP + 5MP + 2MP + 2MP | 16MP Front Camera
5000 mAh Li-Polymer Battery
MediaTek Helio G85 (MT6769V/CZ) Processor
Brand Warranty of 1 Year Available for Mobile and 6 Months for Accessories","₹9,999"
202,GFive U707,"32 MB RAM | 64 MB ROM | Expandable Upto 16 GB
4.57 cm (1.8 inch) Display
0.3MP Rear Camera
950 mAh Battery
1 Year Manufacturer warranty.",₹749
203,IAIR S19,"32 MB RAM | 32 MB ROM
6.1 cm (2.4 inch) NA Display
0.8MP Rear Camera
2800 mAh Battery
1 Year manufacturer warranty for device and 6 months manufacturer warranty for in-box accessories including batteries from the date of purchase","₹1,299"
204,GFive U707,"32 MB RAM | 64 MB ROM | Expandable Upto 16 GB
4.57 cm (1.8 inch) Display
0.3MP Rear Camera
950 mAh Battery
1 Year Manufacturer warranty.",₹749
205,"Infinix Note 11s Free Fire Edition (Haze Green, 128 GB)","8 GB RAM | 128 GB ROM | Expandable Upto 512 GB
17.65 cm (6.95 inch) Full HD+ Display
50 MP + 2 MP Depth Lens + 2 MP Macro Lens | 16MP Front Camera
5000 mAh Li-ion Polymer Battery
MediaTek Helio G96 Processor
1 Year on Handset and 6 Months on Accessories","₹15,999"
206,Nokia 150 DS 2020,"4 MB RAM | 4 MB ROM | Expandable Upto 32 GB
6.1 cm (2.4 inch) Display
0.3MP Rear Camera
1020 mAh Lithium-ion Battery
MediaTek Processor
1 Year Manufacturer Warranty for Device and 6 Months Manufacturer Warranty for In-box Accessories Including Batteries from the Date of Purchase","₹2,499"
207,"IAIR Basic Feature Dual Sim Mobile Phone with 2800mAh Battery, 2.4 inch Display Screen, 0.8 mp Camera ...","32 MB RAM | 32 MB ROM | Expandable Upto 32 GB
6.1 cm (2.4 inch) Display
0.8MP + 0.8MP
2800 mAh Battery
1 Year manufacturer warranty for device and 6 months manufacturer warranty for in-box accessories including batteries from the date of purchase","₹1,289"
208,"vivo Y33s (Mirror Black, 128 GB)","8 GB RAM | 128 GB ROM | Expandable Upto 1 TB
16.71 cm (6.58 inch) Full HD+ Display
50MP + 2MP + 2MP | 16MP Front Camera
5000 mAh Lithium Battery
MediaTek Helio G80 Processor
1 Year for Handset and 6 Months for In-box Accessories","₹18,990"
209,"vivo Y33s (Midday Dream, 128 GB)","8 GB RAM | 128 GB ROM | Expandable Upto 1 TB
16.71 cm (6.58 inch) Full HD+ Display
50MP + 2MP + 2MP | 16MP Front Camera
5000 mAh Lithium Battery
MediaTek Helio G80 Processor
1 Year for Handset and 6 Months for In-box Accessories","₹18,990"
210,anee P3,"32 MB RAM | 32 MB ROM
4.57 cm (1.8 inch) Display
0.3MP Rear Camera
2500 mAh Battery
12 Months",₹780
211,I Kall K-60,"32 MB RAM | 64 MB ROM
6.1 cm (2.4 inch) Display
0.3MP Rear Camera
1500 mAh Battery
1 Year Manufacturer warranty","₹1,649"
212,Itel Ace Young Without Charger,"4 MB RAM | 4 MB ROM | Expandable Upto 32 GB
4.57 cm (1.8 inch) Quarter QVGA Display
1000 mAh Lithium ion Battery
6 Months Manufacturer Warranty for Device and 6 Months Manufacturer Warranty for In-box Accessories Including Batteries from the Date of Purchase",₹799
213,Itel Ace Young Without Charger,"4 MB RAM | 4 MB ROM | Expandable Upto 32 GB
4.57 cm (1.8 inch) Quarter QVGA Display
1000 mAh Lithium ion Battery
6 Months Manufacturer Warranty for Device and 6 Months Manufacturer Warranty for In-box Accessories Including Batteries from the Date of Purchase",₹799
214,"Infinix Note 11 (Glacier Green, 64 GB)","4 GB RAM | 64 GB ROM | Expandable Upto 512 GB
17.02 cm (6.7 inch) Full HD+ AMOLED Display
50 MP + 2 MP + AI Lens | 16MP Front Camera
5000 mAh Li-ion Polymer Battery
Mediatek Helio G88 Processor
1 Year on Handset and 6 Months on Accessories","₹12,499"
215,"IAIR Basic Feature Dual Sim Mobile Phone with 2800mAh Battery, 2.8 inch Display Screen, 0.8 mp Camera ...","0 MB ROM | Expandable Upto 32 GB
7.11 cm (2.8 inch) Display
0.8MP Rear Camera
2800 mAh Battery
1 Year Brand Replacement Warranty","₹1,219"
216,"vivo Y33T (Mid day dream, 128 GB)","8 GB RAM | 128 GB ROM | Expandable Upto 1 TB
16.71 cm (6.58 inch) Full HD+ Display
50MP + 2MP + 2MP | 16MP Front Camera
5000 mAh Lithium Battery
Qualcomm Snapdragon 680 Processor
1 Year Manufacturer Warranty for Phone and 6 Months Warranty for In the Box Accessories","₹18,990"
217,Micromax X741,"32 MB RAM | 32 MB ROM
6.1 cm (2.4 inch) Display
0.3MP Rear Camera
1750 mAh Battery
1 Year Product and 6 Month Accessories Manufacturer Warranty Repair or Replacement Manufacture Defect Liquid or Damaged","₹1,311"
218,"MOTOROLA g31 (Baby Blue, 128 GB)","6 GB RAM | 128 GB ROM | Expandable Upto 1 TB
16.43 cm (6.47 inch) Full HD+ Display
50MP + 8MP + 2MP | 13MP Front Camera
5000 mAh LiPo Battery
Mediatek Helio G85 Processor
1 Year on Handset and 6 Months on Accessories","₹14,999"
219,WIZPHONE W5 AIR,"32 MB RAM | 32 MB ROM
4.57 cm (1.8 inch) Display
1.2MP Rear Camera
2500 mAh Battery
6 Months Warranty","₹1,049"
220,Motorola a10,"4 MB RAM | 4 MB ROM | Expandable Upto 32 GB
4.57 cm (1.8 inch) Quarter QVGA Display
1750 mAh Battery
2 Year Replacement","₹1,399"
221,Motorola a10,"4 MB RAM | 4 MB ROM | Expandable Upto 32 GB
4.57 cm (1.8 inch) Quarter QVGA Display
1750 mAh Battery
2 Year Replacement","₹1,399"
222,"OPPO A16 (Crystal Black, 64 GB)","4 GB RAM | 64 GB ROM
16.56 cm (6.52 inch) HD+ Display
13MP Rear Camera | 8MP Front Camera
5000 mAh Battery
MediaTek Helio G35 Processor
Brand Warranty of 1 Year Available for Mobile Including Battery and 6 Months for Accessories","₹13,490"
223,"IAIR Basic Feature Dual Sim Mobile Phone with 2800mAh Battery, 1.77 inch Display Screen, 0.8 mp Camera...","32 MB RAM | 32 MB ROM | Expandable Upto 32 GB
4.5 cm (1.77 inch) Display
0.8MP + 0.8MP
2800 mAh Battery
1 Year manufacturer warranty for device and 6 months manufacturer warranty for in-box accessories including batteries from the date of purchase",₹999
224,"Itel Magic2 4G( WiFi,Hotspot Tethering)","64 MB RAM | 128 MB ROM | Expandable Upto 64 GB
6.1 cm (2.4 inch) QVGA Display
1.3MP Rear Camera
1900 mAh Lithium ion Battery
Unisoc T117 Processor
1 Year Warranty, 100 Days Replacement within 1 Year of Phone Warranty, 6 Months on Accessories and One time Screen Replacement within 365 Days.","₹2,577"
225,Kechaoda A26,"32 MB RAM | 32 MB ROM | Expandable Upto 16 GB
1.68 cm (0.66 inch) Display
800 mAh Battery
1 Year Company Warranty","₹1,180"
226,Itel Ace,"4 MB RAM | 4 MB ROM | Expandable Upto 32 GB
4.57 cm (1.8 inch) Display
1000 mAh Lithium-ion Battery
SC6531E Processor
6 Months Manufacturer Warranty for Device and 6 Months Manufacturer Warranty for In-box Accessories Including Batteries from the Date of Purchase",₹849
227,IAIR S19,"32 MB RAM | 32 MB ROM
6.1 cm (2.4 inch) NA Display
0.8MP Rear Camera
2800 mAh Battery
1 Year manufacturer warranty for device and 6 months manufacturer warranty for in-box accessories including batteries from the date of purchase","₹1,299"
228,Itel Ace,"4 MB RAM | 4 MB ROM | Expandable Upto 32 GB
4.57 cm (1.8 inch) Display
1000 mAh Lithium-ion Battery
SC6531E Processor
6 Months Manufacturer Warranty for Device and 6 Months Manufacturer Warranty for In-box Accessories Including Batteries from the Date of Purchase",₹849
229,"POCO C3 (Lime Green, 32 GB)","3 GB RAM | 32 GB ROM | Expandable Upto 512 GB
16.59 cm (6.53 inch) HD+ Display
13MP + 2MP + 2MP | 5MP Front Camera
5000 mAh Li-ion Polymer Battery
Mediatek Helio G35 Processor
1 Year on Handset and 6 Months on Accessories","₹8,499"
230,"Itel A23 Pro (Lake Blue, 8 GB)","1 GB RAM | 8 GB ROM | Expandable Upto 32 GB
12.7 cm (5 inch) FWVGA Display
2MP Rear Camera
2400 mAh Li-ion Battery
Unisoc 9832E Quad Core Processor
100 Days Replacement within 1 Year Warranty on Mobile Device and 6 months on Accessories","₹3,880"
231,"IAIR Basic Feature Dual Sim Mobile Phone with 2800mAh Battery, 2.4 inch Display Screen, 0.8 mp Camera ...","32 MB RAM | 32 MB ROM | Expandable Upto 32 GB
6.1 cm (2.4 inch) Display
0.8MP + 0.8MP
2800 mAh Battery
1 Year manufacturer warranty for device and 6 months manufacturer warranty for in-box accessories including batteries from the date of purchase","₹1,289"
232,"realme Narzo 30 Pro 5G (Sword Black, 64 GB)","6 GB RAM | 64 GB ROM | Expandable Upto 256 GB
16.51 cm (6.5 inch) Full HD+ Display
48MP + 8MP + 2MP | 16MP Front Camera
5000 mAh Battery
MediaTek Dimensity 800U Processor
1 Year Warranty for Mobile and 6 Months for Accessories","₹16,999"
233,"SAMSUNG Galaxy F42 5G (Matte Aqua, 128 GB)","8 GB RAM | 128 GB ROM | Expandable Upto 1 TB
16.76 cm (6.6 inch) Full HD+ Display
64MP + 5MP + 2MP | 8MP Front Camera
5000 mAh Lithium-ion Battery
MediaTek Dimensity 700 Processor
1 Year Warranty Provided by the Manufacturer from Date of Purchase","₹22,999"
234,Kechaoda K33,"32 MB RAM | 32 MB ROM
3.56 cm (1.4 inch) Display
0.3MP Rear Camera
800 mAh Battery
1 Year Warranty","₹1,049"
235,I Kall K-60,"32 MB RAM | 64 MB ROM
6.1 cm (2.4 inch) Display
0.3MP Rear Camera
1500 mAh Battery
1 Year Manufacturer warranty","₹1,649"
236,"vivo Y53s (Deep Sea Blue, 128 GB)","8 GB RAM | 128 GB ROM | Expandable Upto 1 TB
16.71 cm (6.58 inch) Full HD+ Display
64MP + 2MP + 2MP | 16MP Front Camera
5000 mAh Battery
MediaTek Helio G80 Processor
1 Year Warranty for Handset and 6 Months for In-box Accessories","₹19,490"
237,"OPPO A31 (Lake Green, 64 GB)","4 GB RAM | 64 GB ROM | Expandable Upto 256 GB
16.51 cm (6.5 inch) HD+ Display
12MP + 2MP + 2MP | 8MP Front Camera
4230 mAh Battery
MediaTek Helio P35 Octa Core Processor
Brand Warranty of 1 Year Available for Mobile Including Battery and 6 Months for Accessories","₹12,178"
238,"realme C21 (Cross Black, 64 GB)","4 GB RAM | 64 GB ROM | Expandable Upto 256 GB
16.51 cm (6.5 inch) HD+ Display
13MP + 2MP + 2MP | 5MP Front Camera
5000 mAh Battery
MediaTek Helio G35 Processor
1 Year Warranty for Mobile and 6 Months for Accessories","₹10,499"
239,"IAIR Basic Feature Dual Sim Mobile Phone with 2800mAh Battery, 2.8 inch Display Screen, 0.8 mp Camera ...","0 MB ROM | Expandable Upto 32 GB
7.11 cm (2.8 inch) Display
0.8MP Rear Camera
2800 mAh Battery
1 Year Brand Replacement Warranty","₹1,219"
240,"POCO M2 Pro (Two Shades of Black, 64 GB)","6 GB RAM | 64 GB ROM | Expandable Upto 512 GB
16.94 cm (6.67 inch) Full HD+ Display
48MP + 8MP + 5MP + 2MP | 16MP Front Camera
5000 mAh Lithium-ion Polymer Battery
Qualcomm Snapdragon 720G Processor
1 Year for Handset, 6 Months for Accessories","₹14,999"
241,Kechaoda K115,"32 MB RAM | 32 MB ROM
3.66 cm (1.44 inch) Display
0.3MP Rear Camera
850 mAh Battery
6 Months","₹1,080"
242,"OPPO A53 (Moonlight Black, 64 GB)","4 GB RAM | 64 GB ROM | Expandable Upto 256 GB
16.51 cm (6.5 inch) HD+ Display
13MP + 2MP + 2MP | 16MP Front Camera
5000 mAh Lithium-ion Polymer Battery
Qualcomm Snapdragon 460 Processor
Brand Warranty of 1 Year Available for Mobile Including Battery and 6 Months for Accessories","₹11,990"
243,"IAIR Basic Feature Dual Sim Mobile Phone with 2800mAh Battery, 1.77 inch Display Screen, 0.8 mp Camera...","32 MB RAM | 32 MB ROM | Expandable Upto 32 GB
4.5 cm (1.77 inch) Display
0.8MP + 0.8MP
2800 mAh Battery
1 Year manufacturer warranty for device and 6 months manufacturer warranty for in-box accessories including batteries from the date of purchase",₹999
244,GFive U106,"32 MB RAM | 64 MB ROM | Expandable Upto 16 GB
4.57 cm (1.8 inch) Display
0.3MP Rear Camera
950 mAh Battery
1 Year Manufacturer warranty.",₹738
245,"Tecno Spark 7T (Magnet Black, 128 GB)","4 GB RAM | 128 GB ROM | Expandable Upto 256 GB
16.56 cm (6.52 inch) HD+ Display
48MP Rear Camera | 8MP Front Camera
6000 mAh Battery
Helio G35 Processor
One Year Warranty for Handset, 6 Months for Accessories","₹10,975"
246,"SAMSUNG Galaxy F42 5G (Matte Aqua, 128 GB)","6 GB RAM | 128 GB ROM | Expandable Upto 1 TB
16.76 cm (6.6 inch) Full HD+ Display
64MP + 5MP + 2MP | 8MP Front Camera
5000 mAh Lithium-ion Battery
MediaTek Dimensity 700 Processor
1 Year Warranty Provided by the Manufacturer from Date of Purchase","₹20,999"
247,WIZPHONE W5 AIR,"32 MB RAM | 32 MB ROM
4.57 cm (1.8 inch) Display
1.2MP Rear Camera
2500 mAh Battery
6 Months Warranty","₹1,049"
248,"Infinix Note 11 (Graphite Black, 64 GB)","4 GB RAM | 64 GB ROM | Expandable Upto 512 GB
17.02 cm (6.7 inch) Full HD+ AMOLED Display
50 MP + 2 MP + AI Lens | 16MP Front Camera
5000 mAh Li-ion Polymer Battery
Mediatek Helio G88 Processor
1 Year on Handset and 6 Months on Accessories","₹12,499"
249,BlackZone B312,"10 MB RAM | 10 MB ROM | Expandable Upto 32 GB
4.57 cm (1.8 inch) Display
0.3MP Rear Camera
1000 mAh Battery
12 Months Warranty",₹799
250,"GIONEE Max Pro (Red, 32 GB)","3 GB RAM | 32 GB ROM | Expandable Upto 256 GB
16.56 cm (6.52 inch) HD+ Display
13MP + 2MP | 8MP Front Camera
6000 mAh Lithium Polymer Battery
Octa Core Processor
One Year for Handset, 6 Months for Accessories","₹7,299"
251,IAIR S19,"32 MB RAM | 32 MB ROM
6.1 cm (2.4 inch) NA Display
0.8MP Rear Camera
2800 mAh Battery
1 Year manufacturer warranty for device and 6 months manufacturer warranty for in-box accessories including batteries from the date of purchase","₹1,299"
252,SAMSUNG GURU 1200,"NA MB ROM
3.86 cm (1.52 inch) Display
800 mAh Battery
1 YEAR","₹1,559"
253,"SAMSUNG Galaxy M32 (Light Blue, 128 GB)","6 GB RAM | 128 GB ROM | Expandable Upto 1 TB
16.26 cm (6.4 inch) Full HD+ Display
64MP + 8MP + 2MP + 2MP | 20MP Front Camera
6000 mAh Battery
MediaTek Helio G80 Processor
1 Year Manufacturer Warranty for Device and 6 Months Manufacturer Warranty for In-box Accessories Including Batteries from the Date of Purchase","₹17,175"
254,KARBONN KX5,"32 MB RAM | 32 MB ROM
4.57 cm (1.8 inch) Display
0.3MP Rear Camera
2500 mAh Battery
1 year","₹1,074"
255,"IAIR Basic Feature Dual Sim Mobile Phone with 2800mAh Battery, 2.4 inch Display Screen, 0.8 mp Camera ...","32 MB RAM | 32 MB ROM | Expandable Upto 32 GB
6.1 cm (2.4 inch) Display
0.8MP + 0.8MP
2800 mAh Battery
1 Year manufacturer warranty for device and 6 months manufacturer warranty for in-box accessories including batteries from the date of purchase","₹1,289"
256,Nokia 110 TA-1302 DS,"4 MB RAM | 4 MB ROM | Expandable Upto 32 MB
4.5 cm (1.77 inch) QVGA Display
1MP Rear Camera
800 mAh Battery
Brand Warranty of 1 Year Available for Mobile","₹1,699"
257,"vivo V23 5G (Sunshine Gold, 256 GB)","12 GB RAM | 256 GB ROM
16.36 cm (6.44 inch) Full HD+ Display
64MP + 8MP + 2MP | 50MP + 8MP Dual Front Camera
4200 mAh Lithium Battery
Mediatek Dimensity 920 Processor
1 Year for Handset and 6 Months for Accessories","₹34,990"
258,SAMSUNG Metro 313 Dual Sim,"10 MB RAM | 2 MB ROM | Expandable Upto 16 GB
5.08 cm (2 inch) QVGA Display
0.3MP Rear Camera
1000 mAh Battery
0 0 0 0 Processor Processor
1 Year Manufacturer Warranty","₹2,490"
259,I Kall K-60,"32 MB RAM | 64 MB ROM
6.1 cm (2.4 inch) Display
0.3MP Rear Camera
1500 mAh Battery
1 Year Manufacturer warranty","₹1,649"
260,Micromax X389,"32 MB RAM | 32 MB ROM
4.5 cm (1.77 inch) Display
0.3MP Rear Camera
1000 mAh Battery
1 Year Product and 6 Month Accessories",₹984
261,BlackZone PRITHVI,"32 MB RAM | 32 MB ROM | Expandable Upto 32 GB
3.66 cm (1.44 inch) Display
1100 mAh Battery
1 Year Manufacturer Warranty for Device",₹715
262,Nokia TA-1010/105,"4 MB RAM | 4 MB ROM
4.5 cm (1.77 inch) Quarter QVGA Display
800 mAh Lithium Ion Battery
Brand Warranty of 1 Year Available for Mobile","₹1,299"
263,"IAIR Basic Feature Dual Sim Mobile Phone with 2800mAh Battery, 2.8 inch Display Screen, 0.8 mp Camera ...","0 MB ROM | Expandable Upto 32 GB
7.11 cm (2.8 inch) Display
0.8MP Rear Camera
2800 mAh Battery
1 Year Brand Replacement Warranty","₹1,219"
264,"Redmi 9A (Midnight Black, 32 GB)","2 GB RAM | 32 GB ROM
16.59 cm (6.53 inch) Full HD+ Display
13MP Rear Camera
5000 mAh Battery
1 Year Manufacturer Warranty","₹7,749"
265,"realme C21 (Cross Blue, 32 GB)","3 GB RAM | 32 GB ROM | Expandable Upto 256 GB
16.51 cm (6.5 inch) HD+ Display
13MP + 2MP + 2MP | 5MP Front Camera
5000 mAh Battery
MediaTek Helio G35 Processor
1 Year Warranty for Mobile and 6 Months for Accessories","₹9,499"
266,"Tecno spark 7 (morpheus blue, 32 GB)","2 GB RAM | 32 GB ROM | Expandable Upto 256 GB
16.56 cm (6.52 inch) HD+ Display
16MP Rear Camera | 8MP Front Camera
6000 mAh Battery
Helio A25 Processor
One Year Warranty for Handset, 6 Months for Accessories","₹7,888"
267,WIZPHONE W5 AIR,"32 MB RAM | 32 MB ROM
4.57 cm (1.8 inch) Display
1.2MP Rear Camera
2500 mAh Battery
6 Months Warranty","₹1,049"
268,"REDMI Note 10S (Deep Sea Blue, 64 GB)","6 GB RAM | 64 GB ROM | Expandable Upto 512 GB
16.33 cm (6.43 inch) Full HD+ Display
64MP + 8MP + 2MP + 2MP | 13MP Front Camera
5000 mAh Lithium-Ploymer Battery
Mediatek Helio G95 Processor
1 Year Manufacturer Warranty for Phone and 6 Months Warranty for In the Box Accessories","₹15,999"
269,"APPLE iPhone 12 Mini (Blue, 64 GB)","64 GB ROM
13.72 cm (5.4 inch) Super Retina XDR Display
12MP + 12MP | 12MP Front Camera
A14 Bionic Chip with Next Generation Neural Engine Processor
Ceramic Shield
Industry-leading IP68 Water Resistance
All Screen OLED Display
12MP TrueDepth Front Camera with Night Mode, 4K Dolby Vision HDR Recording
Brand Warranty for 1 Year","₹49,999"
270,"Infinix Note 10 Pro (Nordic Secret, 256 GB)","8 GB RAM | 256 GB ROM | Expandable Upto 256 GB
17.65 cm (6.95 inch) Full HD+ Display
64MP + 8MP + 2MP + 2MP | 16MP Front Camera
5000 mAh Li-ion Polymer Battery
MediaTek Helio G95 Processor
33W Charger | 90Hz Refresh Rate
1 Year on Handset and 6 Months on Accessories","₹16,999"
271,"IAIR Basic Feature Dual Sim Mobile Phone with 2800mAh Battery, 1.77 inch Display Screen, 0.8 mp Camera...","32 MB RAM | 32 MB ROM | Expandable Upto 32 GB
4.5 cm (1.77 inch) Display
0.8MP + 0.8MP
2800 mAh Battery
1 Year manufacturer warranty for device and 6 months manufacturer warranty for in-box accessories including batteries from the date of purchase",₹999
272,Itel Ace Star,"4 MB RAM | 4 MB ROM | Expandable Upto 32 GB
4.57 cm (1.8 inch) Display
1000 mAh Lithium ion Battery
6 Months Manufacturer Warranty for Device and 6 Months Manufacturer Warranty for In-box Accessories Including Batteries from the Date of Purchase",₹849
273,Itel Ace Star,"4 MB RAM | 4 MB ROM | Expandable Upto 32 GB
4.57 cm (1.8 inch) Display
1000 mAh Lithium ion Battery
6 Months Manufacturer Warranty for Device and 6 Months Manufacturer Warranty for In-box Accessories Including Batteries from the Date of Purchase",₹939
274,"REDMI NOTE 10 LITE (Glacier White, 64 GB)","4 GB RAM | 64 GB ROM
16.94 cm (6.67 inch) Display
48MP Rear Camera
5020 mAh Battery
1 Year Manufacturer Warranty","₹14,999"
275,IAIR S19,"32 MB RAM | 32 MB ROM
6.1 cm (2.4 inch) NA Display
0.8MP Rear Camera
2800 mAh Battery
1 Year manufacturer warranty for device and 6 months manufacturer warranty for in-box accessories including batteries from the date of purchase","₹1,299"
276,"REDMI Note 10 Lite (Glacier White, 128 GB)","6 GB RAM | 128 GB ROM
16.94 cm (6.67 inch) Display
48MP Rear Camera
5020 mAh Battery
1 Year Manufacturer Warranty","₹16,249"
277,"REDMI Note 10 Lite (Interstellar Black, 128 GB)","4 GB RAM | 128 GB ROM
16.94 cm (6.67 inch) Display
48MP Rear Camera
5020 mAh Battery
1 Year Manufacturer Warranty","₹15,042"
278,DIZO Star 300,"32 MB RAM | 32 MB ROM | Expandable Upto 64 GB
4.5 cm (1.77 inch) Quarter QVGA Display
0.3MP Rear Camera
2550 mAh Battery
SC6531E Processor
1 Year Warranty","₹1,299"
279,"IAIR Basic Feature Dual Sim Mobile Phone with 2800mAh Battery, 2.4 inch Display Screen, 0.8 mp Camera ...","32 MB RAM | 32 MB ROM | Expandable Upto 32 GB
6.1 cm (2.4 inch) Display
0.8MP + 0.8MP
2800 mAh Battery
1 Year manufacturer warranty for device and 6 months manufacturer warranty for in-box accessories including batteries from the date of purchase","₹1,289"
280,KARBONN KX5,"32 MB RAM | 32 MB ROM
4.57 cm (1.8 inch) Display
0.3MP Rear Camera
2500 mAh Battery
1 year",₹949
281,I Kall K3310,"32 MB RAM | 31 MB ROM
4.5 cm (1.77 inch) Display
0.3MP Rear Camera
1000 mAh Battery
1 Year warranty for device and 6 Months for box accessories",₹729
282,I Kall K3310,"32 MB RAM | 32 MB ROM
4.5 cm (1.77 inch) Display
0.3MP Rear Camera
1000 mAh Battery
1 Year warranty for device and 6 Months for box accessories",₹729
283,I Kall K-60,"32 MB RAM | 64 MB ROM
6.1 cm (2.4 inch) Display
0.3MP Rear Camera
1500 mAh Battery
1 Year Manufacturer warranty","₹1,649"
284,SAMSUNG GURU MUSIC 2,"8 MB RAM | 0 GB ROM | Expandable Upto 16 GB
5.08 cm (2 inch) QVGA Display
0MP | 0MP Front Camera
800 mAh Battery
0 0 0 208MHz Processor
1 Year Manufacturer's Warranty","₹2,065"
285,LAVA A1 2021,"32 MB RAM | 24 MB ROM | Expandable Upto 32 GB
4.5 cm (1.77 inch) Display
0.3MP Rear Camera
800 mAh Li-ion Battery
1 year manufacturer replacement guarantee for Phone and 6 months replacement for accessories in the box","₹1,066"
286,KARBONN KX 10i,"32 MB RAM | 32 MB ROM | Expandable Upto 32 GB
4.57 cm (1.8 inch) Display
800 mAh Battery
1 Year Brand Warranty for Handset and 6 Months for Accessories",₹856
287,"IAIR Basic Feature Dual Sim Mobile Phone with 2800mAh Battery, 2.8 inch Display Screen, 0.8 mp Camera ...","0 MB ROM | Expandable Upto 32 GB
7.11 cm (2.8 inch) Display
0.8MP Rear Camera
2800 mAh Battery
1 Year Brand Replacement Warranty","₹1,219"
288,"vivo Y21T (Pearl White, 128 GB)","4 GB RAM | 128 GB ROM | Expandable Upto 1 TB
16.71 cm (6.58 inch) Full HD+ Display
50MP + 2MP + 2MP | 8MP Front Camera
5000 mAh Lithium Battery
Qualcomm Snapdragon 680 Processor
1 Year for Device & 6 Months for In-box Accessories","₹16,490"
289,I Kall K88,"32 MB RAM | 32 MB ROM
4.57 cm (1.8 inch) Display
0.3MP Rear Camera
2500 mAh Battery
Brand Warranty of 1 Year Available for Mobile and 6 Months for Accessories",₹999
290,Kechaoda K33,"32 MB RAM | 32 MB ROM
3.56 cm (1.4 inch) Display
0.3MP Rear Camera
800 mAh Battery
1 Year Warranty","₹1,065"
291,"IAIR Basic Feature Dual Sim Mobile Phone with 2800mAh Battery, 1.77 inch Display Screen, 0.8 mp Camera...","32 MB RAM | 32 MB ROM | Expandable Upto 32 GB
4.5 cm (1.77 inch) Display
0.8MP + 0.8MP
2800 mAh Battery
1 Year manufacturer warranty for device and 6 months manufacturer warranty for in-box accessories including batteries from the date of purchase",₹999
292,SAMSUNG Guru Music 2 SM-B315E,"Expandable Upto 16 GB
5.08 cm (2 inch) QVGA Display
0MP Front Camera
800 mAh Battery
0 0 0 208MHz Processor
1 Year Manufacturer's Warranty","₹2,075"
293,"Itel Vision1 (Gradation Green, 32 GB)","3 GB RAM | 32 GB ROM | Expandable Upto 128 GB
15.46 cm (6.088 inch) HD+ Display
8MP + 0.3MP | 5MP Front Camera
4000 mAh Lithium-ion Polymer Battery
Unisoc SC9863A Octa Core Processor
1 Year on Handset with 100 Days Replacement","₹6,999"
294,"Itel Vision1 (Gradation Blue, 32 GB)","3 GB RAM | 32 GB ROM | Expandable Upto 128 GB
15.46 cm (6.088 inch) HD+ Display
8MP + 0.3MP | 5MP Front Camera
4000 mAh Lithium-ion Polymer Battery
Unisoc SC9863A Octa Core Processor
1 Year on Handset with 100 Days Replacement","₹6,999"
295,WIZPHONE W5 AIR,"32 MB RAM | 32 MB ROM
4.57 cm (1.8 inch) Display
1.2MP Rear Camera
2500 mAh Battery
6 Months Warranty","₹1,049"
296,"Redmi 9A (Midnight Black, 32 GB)","3 GB RAM | 32 GB ROM | Expandable Upto 512 GB
16.59 cm (6.53 inch) HD+ Display
13MP Rear Camera | 5MP Front Camera
5000 mAh Battery
MediaTek Helio G25 Processor
1 year manufacturer warranty for device and 6 months manufacturer warranty for in-box accessories including batteries from the date of purchase","₹8,404"
297,Kechaoda A26,"32 MB RAM | 32 MB ROM | Expandable Upto 16 GB
1.68 cm (0.66 inch) Display
800 mAh Battery
1 Year Company Warranty","₹1,120"
298,"MOTOROLA e40 (Carbon Gray, 64 GB)","4 GB RAM | 64 GB ROM | Expandable Upto 1 TB
16.51 cm (6.5 inch) HD+ Display
48MP + 2MP + 2MP | 8MP Front Camera
5000 mAh Battery
UNISOC T700 Processor
1 Year on Handset and 6 Months on Accessories","₹9,999"
299,IAIR S19,"32 MB RAM | 32 MB ROM
6.1 cm (2.4 inch) NA Display
0.8MP Rear Camera
2800 mAh Battery
1 Year manufacturer warranty for device and 6 months manufacturer warranty for in-box accessories including batteries from the date of purchase","₹1,299"
300,"Tecno SPARK 7 PRO (Magnet Black, 64 GB)","6 GB RAM | 64 GB ROM
17.27 cm (6.8 inch) Display
48MP Rear Camera
5000 mAh Battery
1 Year Warranty","₹11,200"
301,"Infinix Note 11s Free Fire Edition (Symphony Cyan, 128 GB)","8 GB RAM | 128 GB ROM | Expandable Upto 512 GB
17.65 cm (6.95 inch) Full HD+ Display
50 MP + 2 MP Depth Lens + 2 MP Macro Lens | 16MP Front Camera
5000 mAh Li-ion Polymer Battery
Mediatek Helio G96 Processor
1 Year on Handset and 6 Months on Accessories","₹15,999"
302,"Itel A48 (Gradation Black, 32 GB)","2 GB RAM | 32 GB ROM | Expandable Upto 128 GB
15.49 cm (6.1 inch) HD+ Display
5MP Rear Camera | 5MP Front Camera
3000 mAh Battery
Quad Core Processor
1YEAR Manufacturer Warrenty","₹6,189"
303,"IAIR Basic Feature Dual Sim Mobile Phone with 2800mAh Battery, 2.4 inch Display Screen, 0.8 mp Camera ...","32 MB RAM | 32 MB ROM | Expandable Upto 32 GB
6.1 cm (2.4 inch) Display
0.8MP + 0.8MP
2800 mAh Battery
1 Year manufacturer warranty for device and 6 months manufacturer warranty for in-box accessories including batteries from the date of purchase","₹1,289"
304,"SAMSUNG Galaxy M32 5G (Sky Blue, 128 GB)","8 GB RAM | 128 GB ROM | Expandable Upto 1 TB
16.51 cm (6.5 inch) HD+ Display
48MP + 8MP + 5MP + 2MP | 13MP Front Camera
5000 mAh Battery
Dimensity 720 5G Processor
1 Year Warranty Provided by the Manufacturer from Date of Purchase","₹21,892"
305,"Redmi 9A Sport (Metallic Blue, 32 GB)","2 GB RAM | 32 GB ROM | Expandable Upto 512 GB
16.59 cm (6.53 inch) HD+ Display
13MP Rear Camera | 5MP Front Camera
5000 mAh Battery
MediaTek Helio G25 Processor
1 year manufacturer warranty for device and 6 months manufacturer warranty for in-box accessories including batteries from the date of purchase","₹7,779"
306,Kechaoda A27,"32 MB RAM | 32 MB ROM | Expandable Upto 16 GB
1.68 cm (0.66 inch) Display
800 mAh Battery
1 Year Warranty","₹1,180"
307,I Kall K-60,"32 MB RAM | 64 MB ROM
6.1 cm (2.4 inch) Display
0.3MP Rear Camera
1500 mAh Battery
1 Year Manufacturer warranty","₹1,649"
308,"IAIR Basic Feature Dual Sim Mobile Phone with 1200mAh Battery, 1.7 inch Display Screen, 0.8 mp Camera ...","32 MB RAM | 32 MB ROM | Expandable Upto 32 GB
4.5 cm (1.77 inch) Display
0.8MP + 0.8MP
1200 mAh Battery
1 Year manufacturer warranty for device and 6 months manufacturer warranty for in-box accessories including batteries from the date of purchase",₹809
309,BlackZone PRITHVI,"32 MB RAM | 32 MB ROM | Expandable Upto 32 GB
3.66 cm (1.44 inch) Display
1100 mAh Battery
1 Year Manufacturer Warranty for Device",₹715
310,"OPPO A11K (Flowing Silver, 32 GB)","2 GB RAM | 32 GB ROM | Expandable Upto 256 GB
15.8 cm (6.22 inch) HD+ Display
13MP + 2MP | 5MP Front Camera
4230 mAh Li-polymer Battery
MediaTek Helio P35 Octa Core Processor
Brand Warranty of 1 Year Available for Mobile and 6 Months for Accessories","₹8,990"
311,"IAIR Basic Feature Dual Sim Mobile Phone with 2800mAh Battery, 2.8 inch Display Screen, 0.8 mp Camera ...","0 MB ROM | Expandable Upto 32 GB
7.11 cm (2.8 inch) Display
0.8MP Rear Camera
2800 mAh Battery
1 Year Brand Replacement Warranty","₹1,219"
312,"SAMSUNG Galaxy A32 (Awesome Blue, 128 GB)","8 GB RAM | 128 GB ROM | Expandable Upto 1 TB
16.26 cm (6.4 inch) Full HD+ Display
64MP + 8MP + 5MP + 5MP | 20MP Front Camera
5000 mAh Lithium ion Battery
Mediatek Helio G80 Processor
1 Year Warranty Provided by the Manufacturer from Date of Purchase","₹23,750"
313,KARBONN KX 10i,"32 MB RAM | 32 MB ROM | Expandable Upto 32 GB
4.57 cm (1.8 inch) Display
800 mAh Battery
1 Year Brand Warranty for Handset and 6 Months for Accessories",₹858
314,BlackZone ECO X,"32 MB RAM | 32 MB ROM
3.56 cm (1.4 inch) Display
0.3MP Rear Camera
1000 mAh Battery
1 YEAR","₹1,379"
315,"IAIR Basic Feature Dual Sim Mobile Phone with 2800mAh Battery, 1.77 inch Display Screen, 0.8 mp Camera...","32 MB RAM | 32 MB ROM | Expandable Upto 32 GB
4.5 cm (1.77 inch) Display
0.8MP + 0.8MP
2800 mAh Battery
1 Year manufacturer warranty for device and 6 months manufacturer warranty for in-box accessories including batteries from the date of purchase",₹999
316,BlackZone ECO X,"32 MB RAM | 32 MB ROM | Expandable Upto 32 GB
3.66 cm (1.44 inch) Display
0.3MP Rear Camera
1000 mAh Battery
Brand Warranty of 1 Year Available for Mobile","₹1,400"
317,"SAMSUNG Galaxy A22 5G (Gray, 128 GB)","6 GB RAM | 128 GB ROM | Expandable Upto 1 TB
16.76 cm (6.6 inch) Full HD+ Display
48MP + 5MP + 2MP | 8MP Front Camera
5000 mAh Lithium-ion Battery
MediaTek Dimensity 700 (MT6833V) Processor
1 Year Warranty Provided by the Manufacturer from Date of Purchase","₹17,779"
318,"REDMI Note 10S (Shadow Black, 64 GB)","6 GB RAM | 64 GB ROM | Expandable Upto 512 GB
16.33 cm (6.43 inch) Full HD+ Display
64MP + 8MP + 2MP + 2MP | 13MP Front Camera
5000 mAh Lithium-Ploymer Battery
Mediatek Helio G95 Processor
1 Year Manufacturer Warranty for Phone and 6 Months Warranty for In the Box Accessories","₹15,999"
319,"IAIR Basic Feature Dual Sim Mobile Phone with 2800mAh Battery, 1.77 inch Display Screen, 0.8 mp Camera...","32 MB RAM | 32 MB ROM | Expandable Upto 32 GB
4.5 cm (1.77 inch) Display
0.8MP + 0.8MP
2800 mAh Battery
1 Year manufacturer warranty for device and 6 months manufacturer warranty for in-box accessories including batteries from the date of purchase",₹999
320,"POCO C3 (Matte Black, 32 GB)","3 GB RAM | 32 GB ROM | Expandable Upto 512 GB
16.59 cm (6.53 inch) HD+ Display
13MP + 2MP + 2MP | 5MP Front Camera
5000 mAh Li-ion Polymer Battery
Mediatek Helio G35 Processor
1 Year on Handset and 6 Months on Accessories","₹8,499"
321,Kechaoda K112,"32 MB RAM | 64 MB ROM | Expandable Upto 32 GB
6.1 cm (2.4 inch) QVGA Display
0.3MP Rear Camera
3600 mAh Battery
1 Year Manufacturer Warranty","₹1,485"
322,"SAMSUNG Galaxy A22 5G (Mint, 128 GB)","8 GB RAM | 128 GB ROM | Expandable Upto 1 TB
16.76 cm (6.6 inch) Full HD+ Display
48MP + 5MP + 2MP | 8MP Front Camera
5000 mAh Lithium-ion Battery
MediaTek Dimensity 700 (MT6833V) Processor
1 Year Warranty Provided by the Manufacturer from Date of Purchase","₹20,190"
323,IAIR D10,"32 MB RAM | 32 MB ROM
4.5 cm (1.77 inch) Display
0.8MP Rear Camera
1800 mAh Battery
1 Year manufacturer warranty for device and 6 months manufacturer warranty for in-box accessories including batteries from the date of purchase","₹1,049"
324,"vivo Y1s (Aurora Blue, 32 GB)","3 GB RAM | 32 GB ROM | Expandable Upto 256 GB
15.8 cm (6.22 inch) HD+ Display
13MP Rear Camera | 5MP Front Camera
4030 mAh Battery
MediaTek Helio P35 Processor
1 Year for Handset and 6 Months for In-box Accessories","₹9,490"
325,LAVA A1 2021,"32 MB RAM | 24 MB ROM | Expandable Upto 32 GB
4.5 cm (1.77 inch) Display
0.3MP Rear Camera
800 mAh Li-ion Battery
1 year manufacturer replacement guarantee for Phone and 6 months replacement for accessories in the box","₹1,066"
326,Itel Power 100 New,"4 MB RAM | 4 MB ROM | Expandable Upto 32 GB
4.57 cm (1.8 inch) Display
0.3MP Rear Camera
2500 mAh Lithium-ion Battery
SC6531E Processor
1 Year Manufacturer Warranty for Device and 6 Months Manufacturer Warranty for In-box Accessories Including Batteries from the Date of Purchase","₹1,218"
327,IAIR D50,"32 GB RAM | 32 GB ROM
4.5 cm (1.77 inch) Display
0.8MP Rear Camera
2800 mAh Battery
1 Year manufacturer warranty for device and 6 months manufacturer warranty for in-box accessories including batteries from the date of purchase","₹1,099"
328,I Kall K 19 Car,"32 MB RAM | 64 MB ROM
4.5 cm (1.77 inch) Display
0.3MP Rear Camera
800 mAh Battery
1 Year warranty for mobile and 6 Months for box accessories || 2000 Plus service centre all over India","₹1,299"
329,Micromax X746,"32 MB RAM | 32 MB ROM
6.1 cm (2.4 inch) Display
0.3MP Rear Camera
3000 mAh Battery
1 Year Warranty","₹1,399"
330,"SAMSUNG Galaxy A22 (Black, 128 GB)","6 GB RAM | 128 GB ROM | Expandable Upto 1 TB
16.26 cm (6.4 inch) HD+ Display
48MP Rear Camera | 13MP Front Camera
5000 mAh Battery
1 Year","₹17,990"
331,I Kall K43,"32 MB RAM | 64 MB ROM
4.57 cm (1.8 inch) Display
800 mAh Battery
1 Year Manufacturer warranty",₹709
332,Kechaoda A26,"32 MB RAM | 32 MB ROM | Expandable Upto 16 GB
1.68 cm (0.66 inch) Display
800 mAh Battery
1 Year Company Warranty","₹1,179"
333,"OPPO F17 Pro (Metallic White, 128 GB)","8 GB RAM | 128 GB ROM | Expandable Upto 256 GB
16.33 cm (6.43 inch) Full HD+ Display
48MP + 8MP + 2MP + 2MP | 16MP + 2MP Dual Front Camera
4015 mAh Lithium-ion Battery
MediaTek Helio P95 Processor
In-Display Fingerprint 3.0
30W VOOC Flash Charge 4.0
Brand Warranty of 1 Year Available for Mobile Including Battery and 6 Months for Accessories","₹25,990"
334,"Redmi 9A Sport (Carbon Black, 32 GB)","2 GB RAM | 32 GB ROM | Expandable Upto 512 GB
16.59 cm (6.53 inch) HD+ Display
13MP Rear Camera | 5MP Front Camera
5000 mAh Battery
MediaTek Helio G25 Processor
1 year manufacturer warranty for device and 6 months manufacturer warranty for in-box accessories including batteries from the date of purchase","₹7,748"
335,"IAIR Basic Feature Dual Sim Mobile Phone with 2800mAh Battery, 2.4 inch Display Screen, 0.8 mp Camera ...","32 MB RAM | 32 MB ROM | Expandable Upto 32 GB
6.1 cm (2.4 inch) Display
0.8MP + 0.8MP
2800 mAh Battery
1 Year manufacturer warranty for device and 6 months manufacturer warranty for in-box accessories including batteries from the date of purchase","₹1,049"
